ArrivalRate,ServiceRate,SimulationTime,AverageWaitingTime,ServerUtilization,AverageQueueLength
3.4795347275815436,4.80837317206062,161,0.3853008437676953,0.7236407414881226,1.3406676664561665
2.388667011666007,3.536251551901447,150,0.6733233672740293,0.6754799472287593,1.608345315591349
1.8617903173151262,5.282098856930721,77,0.0822454100248831,0.35247169122407535,0.15312370802793976
1.8262720498001963,1.0730534527206288,198,28.152592934691572,1.7019394934798922,51.4142936060297
2.685534137941802,2.840783800574617,128,8.870284283162245,0.9453497085552897,23.821451255680838
3.9328383346243543,4.741314351026086,154,0.6503079757102387,0.8294827221850908,2.55755613618519
4.131691445749772,4.713300158155521,123,1.268743261583605,0.876602657821531,5.242055680737646
0.9582331270276656,5.576934539004846,92,0.02059016361922692,0.17182075929452342,0.01973017687086309
1.4291026255698642,2.453338795820824,197,0.5051514697859945,0.5825133601621961,0.7219132917816407
2.7811974330658984,3.7506288609958713,67,0.8956503523606112,0.7415282972913059,2.490980460909899
1.0885319254764345,3.2591139577426533,109,0.3628156775443934,0.3339962761628562,0.39493644807043576
1.9219078323552918,4.6651072474432835,156,0.15839796869312525,0.41197505875317125,0.3044262966604857
2.4650398868511125,4.9799701252591895,195,0.2106014838592131,0.4949908985092187,0.519141057942991
1.9194904234271593,4.335511480432864,93,0.18675496186597043,0.442736787133479,0.35847436082923456
2.8715269547056534,5.024281130425576,141,0.31137727880382376,0.5715299124717617,0.8941282491680773
3.474010017592606,5.949506202520371,85,0.3437024549093161,0.5839156896955451,1.194025771426135
2.0677868292601644,4.643554241926533,187,0.16778950171417523,0.4453026112175389,0.3469529217326973
2.274620480303033,4.975846036410139,79,0.12722622759290497,0.45713240796816834,0.2893913829145165
4.97464663537901,1.9720668525527238,92,26.50433908562968,2.522554764783772,131.84972125527207
3.1610622335342713,1.675892802532208,77,20.67819751513103,1.8861959600029494,65.3650692226429
2.5030293880681063,3.3479576321490474,70,1.1869278511012544,0.7476287525363385,2.970915292822965
4.1423361878509315,2.345562035229589,55,9.659718242326528,1.766031392746971,40.01380043963297
4.972440153618419,1.1281923094349162,178,65.51420867760531,4.407440213902,325.7654818610609
0.61693948108962,4.5863289130882725,153,0.02218787057139239,0.1345170598927225,0.013688573356798473
3.0311772421309104,3.250116432837539,167,4.095652429541423,0.9326365084971796,12.414648436104134
2.5854069273418636,4.550000118002812,142,0.177046141790191,0.568221287975858,0.45773632144350956
3.0025581842924622,1.852418073038466,116,17.201513830139,1.620885818376548,51.64854613290383
4.046949992478552,2.4032424557173666,72,10.365764014590935,1.6839541024463718,41.94972860088323
4.807995511400767,2.891562828800375,89,18.666889840361303,1.662767090347286,89.75032256426972
2.6073369979216676,1.1311230891772774,197,52.62354606867693,2.3050868847687607,137.2073186266967
1.962651645628842,2.7480486352436264,170,0.8083541137314065,0.7141982934573662,1.5865175315657891
1.7500230337876572,5.286915788381935,84,0.05541734269288676,0.33101019646148994,0.09698162618385595
0.7159729266688413,2.2180730850445416,175,0.17986268207173112,0.32279050293532763,0.12877681088140466
1.880418799435971,5.271473334541132,59,0.07271273106215784,0.35671598433678814,0.13673038644761346
3.9455685095946533,3.772983078598863,109,3.8320829493361788,1.0457424344081294,15.11974581105543
1.4224656336112145,1.577277398880729,118,4.12836325037203,0.9018487392392915,5.8724548467177025
3.344786879148602,5.6849159723251095,168,0.1696886722056091,0.5883617093781944,0.5675724443334693
3.7680468998331262,4.0937027638086825,101,1.2424345670083343,0.9204495580737831,4.681551718461266
2.120610631525157,2.395697975921407,199,4.958275043969934,0.8851744472128426,10.514570772268508
4.203829738899678,3.812478994732417,61,1.8413181881646683,1.102649941077178,7.740588158183506
2.6319910596810225,3.436652347848084,158,0.7624164433461796,0.7658589794015931,2.006673262640948
1.2602571407987153,3.178286329954073,169,0.18726756100770328,0.3965209581406488,0.23600528099991713
4.911890189315161,5.702747397529184,170,0.8175856953552402,0.8613199650826765,4.015891155939818
2.719706510632895,3.1998323688874573,180,1.3184490393932524,0.8499528091149674,3.5857944363755148
4.201091530266689,4.159761558027485,97,5.988218891232574,1.0099356589705113,25.15705566534015
4.2085657434841846,5.043028461749754,194,0.8459188417773784,0.8345314279713504,3.560105059272093
4.511524048503525,2.597981791132837,76,11.064009030638411,1.7365495262136914,49.91554281458537
1.660564862259975,5.029818706291252,60,0.09581277518270609,0.33014407858934464,0.1591033278240163
2.691400490022803,1.4834422232654538,193,32.20583447435327,1.814294111231585,86.67879868586766
4.64941488855284,4.398810360193511,136,10.56340094390268,1.0569709780233183,49.11363362233425
2.4528179640564587,5.486783384901738,66,0.12009677609233932,0.4470411517987029,0.2945755298245561
1.2681664490348046,4.775102230035641,179,0.07624723074456326,0.26557891076299306,0.09669417986207017
1.4716662265081477,1.7973314831363465,124,2.2103942389751423,0.8188062359760636,3.2529625487678966
3.5924449773174763,3.640486004640482,144,3.207135904910556,0.986803677514,11.521459273170466
4.895514763030733,4.67168396752748,184,6.962208734881957,1.0479122297353767,34.083595644916144
2.9695795519420494,3.492535924645833,86,0.9093882241741621,0.8502645687869868,2.7005006752844842
3.714420840642224,3.4372689745565355,148,7.3126469310004,1.0806314164347426,27.162248160766286
3.444364865365908,1.107166445663946,162,55.47977499248721,3.110972951587591,191.09258772252906
1.6023291380928306,1.2623096264099922,176,18.036933280501902,1.2693630029978094,28.901103757184504
4.189983632452385,2.127242788435402,84,27.20342594575541,1.9696781463925608,113.98190945934572
1.5076395642185476,1.1192042740046335,175,37.51183222012472,1.3470638016990863,56.554322381388104
3.6358284856839598,4.116423308628507,158,1.086257428906338,0.8832494165657929,3.9494457028034824
1.2463067572900146,3.92200481031851,179,0.12271988524183046,0.3177728783022071,0.15294662223074845
3.0840001924704534,3.125209885075654,111,1.8200190065666544,0.9868137839951179,5.612938966551446
2.1804338874448215,1.4804942514796628,200,39.3904268938162,1.472774301734446,85.8882216401947
4.255776851878771,4.743661832905814,79,0.6358056730267081,0.8971501345979841,2.705847065560267
3.1274181116598463,4.800297624353223,142,0.5230772483861529,0.6515050433109811,1.6358812604000506
4.744551881070817,2.3384960542363094,54,14.918760107031236,2.0288902658081502,70.7828313290593
4.282521372665185,3.5275330137779917,161,16.88676089918941,1.214027297813607,72.31791446586541
1.1004647639714122,5.755987723949794,116,0.06166496107199261,0.19118608599398934,0.06786011683139667
4.457936503828843,3.688137951424132,68,3.4397607282754943,1.2087228196297435,15.33423491501621
2.737294258889928,4.782887565191018,75,0.21307768970121294,0.5723099741694653,0.5832563367166598
4.262114834593236,3.391837775477807,103,16.35795098961127,1.2565798003098285,69.71946557637129
1.8646604999288847,5.256829541861893,183,0.1554066459650732,0.35471199609573967,0.2897806341575046
1.966583881709246,5.012192195560336,130,0.19849099566170902,0.3923600302979588,0.3903491927327368
2.7514036601311487,2.9344265374412646,50,0.8581124700428537,0.9376290818751569,2.3610137908800883
1.080752543881632,4.0324053013610754,197,0.11601138945367936,0.2680168443179164,0.12537960427130673
1.0884141540305814,2.0140207615588137,135,0.3634402154447912,0.5404185372886472,0.3955734746340347
1.8975473852108826,3.9816602004394803,60,0.1591813733744134,0.4765719046043755,0.30205419882089535
1.680228277010501,3.0441131214378223,168,0.5414327796193433,0.5519598681066362,0.9097306664168155
2.227372744444179,4.773690721362385,167,0.1862915175259784,0.46659343356213473,0.4149406486585094
2.2899711472913946,5.193790304373863,168,0.11845860797218011,0.4409055839938193,0.27126679440459484
4.816584126693096,5.167418890992245,105,1.1512548887749336,0.932106381986814,5.545116023051171
2.7610729193743087,1.2307160753308253,197,53.3445269660124,2.243468639695888,147.28812880268939
2.114033640373939,2.2734415946396096,85,1.9094320671367642,0.929882538156455,4.036603623935869
3.8812620661434667,3.8753542574031603,85,3.948249295708753,1.0015244564362138,15.324190219112042
2.4227355597730194,1.590406329277564,111,13.697293835271497,1.523343761385518,33.18492084737202
4.516098239208225,4.720937193010581,77,1.1177209122805236,0.956610531886418,5.047737443876284
2.0887747846498144,2.1913689586000027,64,1.2767809788452575,0.9531826105560368,2.666907914132482
0.5281083354381855,3.106478053119936,100,0.0223992062486097,0.17000227473288898,0.011829207527089871
3.5753264589260096,5.961974911511388,94,0.22758424396935825,0.5996882764506045,0.8136879690983188
2.4032994196892634,5.113080222308778,92,0.1350031546883459,0.4700296719780527,0.32445300331872157
3.9030481076238392,3.7253211318929282,97,2.85245233208259,1.0477078269063487,11.133258676822159
3.0975208071934737,1.0209158677113996,63,23.352218525639934,3.0340607930183574,72.3339827772986
4.468562685964349,5.643389348820791,147,0.529716770466822,0.7918225041300886,2.3670725946375826
0.8638192763805475,3.7619727771619913,105,0.07281430832099758,0.22961869411298805,0.06289840312399421
2.1223403640048675,3.416509371297651,130,0.3382251572741713,0.621201388128716,0.7178289034048683
1.8809226300762807,5.687197521683327,161,0.10865656553145699,0.33072926039670153,0.20437459301448382
1.5231038799890224,5.716474273344379,124,0.06286281723412249,0.2664411326210592,0.09574660083633274
0.598545953539537,3.7463786844894393,59,0.06271799859052542,0.1597665382887228,0.037539604270457376
4.572248459594442,2.211806189044766,52,12.73106121390003,2.067201223254151,58.20957502425696
1.957709982411164,5.962135453841484,83,0.13261878278308653,0.3283571796661857,0.2596291149096663
4.123495853719566,5.241592777429296,140,0.9234445731559001,0.7866875640312346,3.8078198685481888
3.986804939022834,2.5260108576040854,175,29.016796240202574,1.5783007927385981,115.68430656505882
0.9234963964825372,3.4420125025454764,159,0.1846515509753937,0.2683012905384808,0.17052504193068763
3.908831882457998,5.375562751549047,55,0.4751044698830503,0.7271484053147014,1.8571034993771727
3.3195517559539596,1.4849998074300714,71,22.311229368321914,2.235388677725655,74.06328062710456
1.8668707944914664,4.798872304865085,144,0.07900175778902015,0.38902281117145737,0.14748607432981042
2.1207103136402,3.1137057240969703,120,0.4165616423533643,0.6810888701613712,0.88340657120568
0.8236928041779681,4.251129224788665,195,0.059070401383625064,0.19375858992357875,0.04865586455959625
0.772936341606945,5.784389213045296,182,0.012330002355044153,0.13362453893382092,0.009530306912312844
2.4348944807044868,5.673229913273855,134,0.18182840452385146,0.4291901646727694,0.44273297861042865
1.954334432502871,2.2959810527413405,50,0.6709603399205191,0.8511979792557294,1.311280895150501
4.385127694648046,1.8536451601694068,57,19.279947052058098,2.365678064429162,84.54502976932793
0.876773052015042,1.7029067807869334,154,0.579748979031937,0.5148684953910835,0.508308281748436
1.4685369103527626,5.161924367929412,151,0.09852040039625035,0.28449407733996546,0.14468084440462656
1.1793680591742226,3.8772371222454867,140,0.09825103571825848,0.3041774392408572,0.11587413330689973
3.400676045941786,1.6489899593831456,130,26.9886527128749,2.0622782004166424,91.77966479291547
4.178031858044301,1.434570961850092,147,48.783339012915846,2.9123912090456017,203.81834453773783
2.8067763989461967,2.7074130869250403,115,2.783054374777795,1.0367004623346963,7.811411336110278
4.9024358560126,1.4345636929259173,160,54.44724179284407,3.417370647387329,266.9241104262265
0.6432028936248126,1.1530146747298162,186,0.712140306277018,0.5578444990524801,0.4580507056642383
1.245687019482923,5.111035386438482,192,0.050180756198399123,0.24372498433256864,0.06250951662418303
3.87628438097995,1.7637155821045054,162,43.80159951826064,2.1977944858630094,169.78745607457262
4.217724269876566,1.76770011815601,140,41.78363337610348,2.3859953543909462,176.23184457401618
4.117991906299848,2.853775422106556,67,9.69091401636211,1.4429978877805638,39.907105484026914
3.816500529905918,2.9572695144109318,159,15.514209654435469,1.2905487684865744,59.20998936722447
2.0863957070993377,2.5556131514254616,186,1.1515972280974656,0.8163973119075533,2.402687513010049
3.9418466561453203,4.5834859203940095,182,0.6438119518263039,0.8600106391963058,2.537807989492908
1.1630739138907114,4.113795845857295,52,0.11428127723842782,0.2827252390421753,0.1329175724021277
4.4006279306798675,1.3171047413244632,142,55.063004048991495,3.3411374149747983,242.3117935651306
2.3844791169073423,5.323690230936451,78,0.229301791080086,0.44789967362317884,0.5467653322999153
4.569246793469431,3.1252777038484236,58,9.938929283176588,1.4620290503602045,45.413420757674054
1.8299025772919333,4.3957286395665545,171,0.22019731186084993,0.4162910696581063,0.4029396284869249
3.955260414115552,5.649034681328498,185,0.3248526004234384,0.7001657163105579,1.284876630877323
2.7679920841683967,4.639158449728316,155,0.36018795244273094,0.5966582332040198,0.9969974011743021
2.5857450207425448,3.6092626280417215,88,0.9151675725129047,0.7164191933978196,2.366389993770285
0.8346259824526847,1.012886946744568,169,4.151285353487221,0.8240070475142203,3.464770616595713
3.2495367359977863,2.525860987436234,126,5.2831841936081325,1.286506562380572,17.167901120172466
1.938043301240523,2.697072497188083,100,0.519489741266312,0.7185729353812663,1.0067936131243485
0.7022898240412737,5.5314527950437995,91,0.022895834649987245,0.12696299689487142,0.01607951168761764
3.7169139424035067,1.0527974819079358,156,56.77446157828754,3.5305118090399654,211.02578781278916
2.942056198494288,5.519930057269619,189,0.26803662851202886,0.5329879487548341,0.7885788243373254
3.6572779427072333,1.3862366742135825,119,30.71042131591014,2.638278160388464,112.31654648992419
3.968731054768064,3.8111568649794627,126,4.286526421454596,1.041345500951835,17.012070525910673
2.877784374941541,5.405373516327015,157,0.18539996833489106,0.5323932502072518,0.5335411319888059
3.0035908120229298,1.8117753304876874,143,22.79741788772735,1.6578163757282387,68.47411490542505
1.6155510042610248,1.1795568648662575,100,12.329415617369358,1.369625367272312,19.91879978259263
2.670164533276407,1.973211651122129,70,3.8412154235297686,1.3532073620981984,10.2566771885835
2.9771530596136104,1.2580502997783085,129,44.588440929922015,2.3664817377637757,132.74661333791806
1.978651702359417,4.903999292231348,112,0.05259027302038049,0.4034771590391317,0.10405783323932237
1.093543924077373,5.055617253465076,156,0.06709375219068886,0.21630275182083206,0.07336996505168074
4.892651129420457,3.2040590811252425,81,15.819186970533,1.5270165142217644,77.39776299789166
2.443985640960057,2.928902509063301,139,1.2915478120554116,0.8344373475721025,3.1565243072768046
3.693819018693933,2.484490637223054,161,28.634059708080553,1.486751031922809,105.7690343321256
3.6679778380901915,1.5136332631679452,119,39.54215021963554,2.4232936255730335,145.03973067605634
1.106456694422325,4.1719787342748695,150,0.04124927678961432,0.26521148953426726,0.0456405384439482
1.7620839228936958,4.543026952477424,145,0.14571124316173273,0.387865610599732,0.2567554389601432
0.9124785041076864,2.879492540054541,135,0.32691329777864314,0.31688865014055667,0.29830135692996695
2.2296431596833584,1.2650199769028077,147,32.76239351269223,1.7625359285963778,73.04844659042865
4.257449770875116,4.868064753190264,64,1.0939751037134757,0.8745672021073704,4.657544054648018
1.247569204383685,1.3233783637015826,135,4.310499222611454,0.9427154309022749,5.3776460856498645
1.5053203317672315,5.633541695824829,120,0.07922675355396104,0.267206743651665,0.11926164294468931
2.3958235453907886,2.977601475135298,120,1.6838350613394026,0.8046152466665895,4.034171686511484
3.093284575903694,3.5325661380875735,195,1.4129166667883026,0.8756480289363546,4.3705533324135155
2.912595469626916,3.6592902924606414,189,0.8602826562134535,0.7959454530371187,2.505655367085914
4.199219481927289,3.251718536018153,123,11.357686835894151,1.2913846741081674,47.693419830915836
0.7715734171141966,3.3793784186670046,89,0.07613865764630184,0.22831814657162414,0.05874656425464506
3.007816996637593,3.298477694394889,160,1.4559889250169225,0.9118803506686687,4.379348235581997
1.90445257501527,2.45016763625498,166,0.8861297518860077,0.7772743982228818,1.68759208777695
0.5831161471922406,4.5116558666818865,94,0.016505656192089012,0.12924659247583425,0.009624714645610693
0.527122976135936,4.734881299407826,141,0.038682612018541465,0.11132760101121462,0.0203904935719253
4.8573868927945085,1.7528950787355964,123,34.391163308595566,2.7710653944549,167.05118588312752
4.130106764399887,3.4738137060519567,199,17.086975069073393,1.1889258071624738,70.57103131591225
3.8620102533673553,3.5428982216736284,150,7.758180319523227,1.0900709000731559,29.962171941471528
1.6198977144545537,1.7232623399782008,77,1.6889166490582401,0.9400180557970328,2.735872219713687
1.3627804641436394,4.165679572670182,139,0.08543317754329204,0.3271448128378494,0.11642666534571347
1.2737073554548863,5.22681295316764,72,0.045047219971586616,0.2436871888983464,0.05737697542060413
1.3534007376559645,1.3090389257723407,55,9.123865693280576,1.0338888408971108,12.348246559559879
0.8476305963491413,4.459912171829408,101,0.05615691547110952,0.1900554458679962,0.04760031974990488
1.2446362170920773,3.869383998299635,148,0.10680471213672808,0.32166262579237964,0.13293301288146553
0.7371294588739863,1.5819622000312985,50,0.8741265102504194,0.46595895834894313,0.6443444014882977
0.9582927827996365,5.966146774160364,75,0.023164087038790675,0.16062172438499892,0.02219797742941571
2.4923844063668694,1.2528529370968757,97,17.958183674506333,1.989367093748648,44.75869695701167
2.750662468437604,3.5855257873750626,58,1.1779028557506415,0.7671573519629722,3.2400131767787625
3.8559201656778614,5.183822483301843,56,0.4104900815353505,0.7438372317143521,1.5828169832029075
4.862149246881386,2.358221234148175,56,14.559975646702847,2.061786729962029,70.79277462522757
4.089999225274253,4.4392707841431305,126,3.258715903549452,0.9213223126382696,13.328145520906148
3.8749317939514962,4.115784772146584,155,1.749903289127903,0.941480667350477,6.780755891382008
3.521636559087066,3.136973148116905,52,1.0371689524712449,1.12262247485321,3.6525321009727714
0.8001848641593294,1.155167251536335,133,1.149042684034398,0.6927004406462437,0.9194465640373359
0.5376489072793873,2.3125086614884216,200,0.12632818725358805,0.2324959539538915,0.06792021183547743
1.4554601579427224,4.970468645110717,67,0.037802134607023245,0.29282151480311813,0.05501950080571011
4.85439205606584,3.6122135786131055,173,19.541580330891364,1.3438828990642528,94.8624923212515
1.6473908414321887,2.3631710813027844,112,0.6001055363560465,0.6971102746077971,0.9886083644857023
1.132819082463889,4.852978240217127,98,0.04324725834404212,0.2334276039146645,0.048991319516376565
4.545267942661149,1.1604354716949823,118,48.67238836943689,3.916864016593817,221.22904654835483
0.815077313013505,3.2957020635133265,84,0.1416599155058061,0.24731522974640668,0.11546378329219258
4.541559796431017,4.047921763377817,181,15.995994920468004,1.121948511337156,72.64676743471225
4.756556153182391,1.5447725795469105,135,48.44965393941122,3.079130362721426,230.4534995650639
1.2878678582153424,4.400389535744714,60,0.10938450039103569,0.2926713300615524,0.1408727822405584
4.451130835569359,5.577671460321733,126,0.4673212833330125,0.7980267154911643,2.080108174361417
0.6423721553302213,4.752932203850296,132,0.07850781380267952,0.13515281257532832,0.050431233562690934
3.4852160091182594,3.417004738545347,200,10.296292372680167,1.0199622990871093,35.884803011827145
3.797860220818849,2.4845301214028495,178,27.28179650645461,1.5286030095197434,103.61244970433862
4.119938767283606,2.6020068692442564,81,15.648079157234825,1.5833696736089815,64.46912795341433
1.2459497820167438,3.505858897391957,106,0.22367230731730584,0.35539073832766577,0.2786844625451793
0.6815431591780824,3.708043600104496,197,0.06798183669582893,0.1838012797796865,0.04633255574840374
3.2162901197467697,3.774110008152315,155,0.8607838772875872,0.852198296498878,2.7685306797573825
0.751638338341577,4.783704725670615,193,0.038795092051756026,0.15712473520953088,0.029159878525590422
1.6106930931084575,3.0629680912444286,133,0.4205356554849339,0.5258602261357748,0.6773538756954208
4.461169470166379,5.910524841336209,71,0.45427354766262756,0.754783981105446,2.0265912819366854
3.830463796014104,4.666071032120152,167,1.2203205618874564,0.8209184493005096,4.674393731841491
2.4426215213264264,1.6691735444170044,177,24.76948763819116,1.463371816247882,60.5024835772746
3.6663703741884746,1.398147484823859,126,41.993221995047044,2.6223058825946177,153.96270503936032
3.2800207601510216,1.9993830943573907,138,33.07104761621069,1.6405164019881007,108.47372274111402
4.940545598863873,3.4805307491230066,50,5.078019016984797,1.4194805203513137,25.08818450531129
0.9565936808426423,3.0028979921966177,66,0.0934885923071712,0.31855683520667805,0.08943059663191404
2.7913424031298337,3.803198628481774,97,1.193041802832042,0.7339459954117963,3.3301881729515412
1.2020168923058256,5.044886182664534,74,0.06269305071708423,0.23826442238404713,0.07535810599212109
1.7476180018906475,5.206729637363322,154,0.1006190026118401,0.3356460049989532,0.17584358029673386
3.318295038045878,1.9215227276700577,65,10.720700056623556,1.7269090759438877,35.57444580227211
0.7054832621001942,5.670288032475633,182,0.01649062805393597,0.12441753541612982,0.011633862073571725
1.9380544026670299,2.3591021101862784,83,1.11141807613047,0.8215220504016243,2.1539886956483776
3.1297726670600583,1.0711995283635536,113,37.98912876946249,2.9217457478172517,118.8973368680886
1.2410330796057654,4.27679963340451,164,0.055110006125851985,0.2901779802618089,0.06839334061945869
4.295553619894932,5.48904959923537,158,0.6777715666707376,0.782567827496641,2.911404106674346
2.657184852712248,2.619943617084474,106,7.510426429503574,1.0142145179708932,19.95659134588663
2.533207144209628,4.19596844712012,54,0.16582130681129248,0.6037240689806141,0.4200597190765427
4.8712533555905075,5.553006178967908,187,1.2863465886084566,0.877228153291176,6.266120136211346
1.6639630551139997,3.239096388725134,73,0.2715889441584031,0.5137121145594911,0.4519139692570019
2.3213077111566642,5.705243719515267,80,0.10525459840180754,0.40687266404000155,0.24432831090481374
2.8063513837566507,1.3266159500075627,136,35.0030980499963,2.1154211086793073,98.23099264837683
4.168135545910632,1.6934646171841141,133,37.397029128263995,2.461306544946531,155.87588642097245
4.238070288237047,4.735066073098621,196,1.1581352356721504,0.8950393136676252,4.9082585320625505
2.8780540480014585,5.96031145877058,80,0.18142346794922667,0.48286974060162763,0.5221465463337347
3.1565629471309493,5.014655060234899,90,0.31644992876254247,0.6294676122714387,0.99889411975407
1.4516919113713633,1.9338682032031442,151,3.074462496395896,0.7506674492950798,4.463172337832532
3.415621470988441,1.416730168420384,155,36.874344584700026,2.410918851821139,125.94880309212775
4.7817579851283805,1.0242609672623961,190,70.12508629874725,4.668495762275187,335.32119136685145
4.059347621997983,5.170861295897827,123,0.6612270902848244,0.7850428371030499,2.6841506165483473
0.9892515441205536,3.138228190269535,159,0.24613015153039153,0.31522613530394333,0.24348463245606566
0.9084814303736877,1.472093639632637,147,0.7761001546517956,0.6171356263725183,0.7050725786113035
2.75981082099474,4.7368467787670125,141,0.38253180168666134,0.5826261540410456,1.055715405669462
3.259447505387609,5.683652180271464,198,0.1736369881369521,0.5734776516940082,0.5659606478260064
2.4661523865900126,1.0591665814796376,199,49.007688701055194,2.3283895373141776,120.86042845136765
3.949198159435817,5.440561580776939,134,0.32713279926822597,0.7258806100806696,1.2919122487611645
0.704552479686156,2.4081019462385447,197,0.2058602132284586,0.29257585244124196,0.14503932369883132
3.432449401836858,5.236079834939329,90,0.49205295925338793,0.6555380189073511,1.6889468856613474
0.5028009021891442,5.303221511852108,109,0.01932863446440281,0.09481046587728616,0.009718454846785919
1.9244931153101819,5.090372127254716,160,0.19655473049515795,0.3780653098043892,0.37826822561957973
1.46904691981559,5.484584891221798,197,0.05341514797049892,0.2678501562017634,0.0784693585975554
2.0044121522903096,1.8440010081744393,142,7.6602913930064025,1.0869908115043154,15.354381158226897
4.912408416060225,5.076517580284666,103,1.4467546724534337,0.9676728856683604,7.107049828934701
2.3893289333809014,2.910116637594868,67,1.4865622497243156,0.8210423261095187,3.551886194538112
0.864112230562428,1.9133987144719207,164,0.5079937641108726,0.4516111691864048,0.43896362461765004
3.0505029028083634,1.308360116160723,117,29.38702798159211,2.331546846413981,89.64521416275733
3.4760970000113787,1.0651734639714086,89,31.086683125758775,3.263409310865713,108.06032595375443
2.603333198867625,4.457752857791611,126,0.3028555465043882,0.5840012405168031,0.7884338986760717
1.4276855767072083,5.07403873369443,73,0.08606537947949298,0.28137065001624534,0.12287430093670468
1.0693650557213794,5.4479173399613945,110,0.06386419871775714,0.19628878138025443,0.06829414242041561
1.5949759873966751,5.7950714231465525,162,0.0558011315015179,0.2752297376398254,0.08900146481448523
1.3026472989651867,3.015578112760204,107,0.25764427139454,0.4319726600525211,0.33561961422595105
4.922222328613362,1.1219073570834066,182,64.73686341838318,4.387369685683794,318.64923460235923
4.242274297727391,3.553109411802363,180,18.649142933130353,1.1939610650985948,79.11477973986331
1.0666675747179806,5.5641886080780845,190,0.04944072160612463,0.19170226781482452,0.05273681460791182
3.516365362739765,5.616204167885459,165,0.37600568905762194,0.626110671482889,1.32217338119532
4.650355647991468,4.374897271138643,178,3.4636513384323098,1.0629633931452593,16.1072105643519
1.9671723122657083,3.4501212089563222,156,0.2889241072476068,0.5701748411502293,0.5683635041235802
3.3836700422369805,4.6262450814950515,167,0.5648077893546513,0.7314074335948256,1.9111231964614284
1.874124731444677,4.352255178874836,95,0.1055945711937748,0.430610029609795,0.197897397380549
2.704632768627165,5.2292967564397514,143,0.1655238998674086,0.5172077421876041,0.44768136357235494
0.5118262162882172,5.006764142813227,103,0.008131823674687216,0.10222694772289187,0.0041620805429381045
2.144698703841809,4.338373170069638,110,0.14883838649223285,0.49435551525121174,0.319213494591798
1.998757767138281,5.354518356052986,173,0.15177826769722494,0.37328432442085036,0.3033679914426216
3.850877907009367,3.862789751134647,84,3.966309006250655,0.9969162587423296,15.273771724542923
3.7789090685159037,2.317140079102968,190,31.574009243198667,1.6308505051532443,119.31530985852841
4.021658662702526,1.9886159473171068,123,29.879235585250605,2.022340547016255,120.16408662635268
3.329928324722007,3.996156814953581,63,0.7699948874655298,0.833282696079755,2.564027785662602
1.7766412105994525,2.3199549799885517,188,1.9244514853890753,0.7658084859078687,3.4190598167415613
4.79221827335727,3.060694189620283,119,20.88317881500076,1.565729202743971,100.07675112303407
4.436358066141059,5.238456149475212,97,0.3409739403831204,0.8468827340638315,1.512682490762557
0.6500054900966907,4.581629762647894,179,0.03604375540236676,0.1418721118401825,0.02342863889524065
1.9098618089557098,3.3414498758427498,73,0.4893251559045838,0.5715667988208328,0.9345434274234632
4.055072366739983,5.8696036997976035,114,0.2737920306872813,0.6908596515433931,1.11024649787362
2.6192767745513814,1.2189192651835632,87,24.45168229341376,2.148851732322839,64.04572352984792
2.4131726302294263,5.301818476696634,125,0.08715077588081574,0.4551594214015762,0.21030986705884336
2.44863363291537,5.1286823623016335,102,0.16914993068280887,0.47743912762350915,0.4141862092752293
3.9280669089206914,3.0581912454060496,167,13.637642676354698,1.2844412247995773,53.56957291267351
2.5124321390482973,3.7862744266985287,174,0.8407968557776018,0.6635631377726183,2.1124450428664026
3.249676834400476,1.9371189047914685,58,4.62965282727618,1.677582530614095,15.04487554411607
4.006425844927531,1.9839246565208208,168,41.94224985080598,2.0194445548922912,168.03851379667694
4.515335097959503,3.4495698173553464,173,18.910878926924713,1.3089559965541553,85.38895535200591
4.777958914765119,4.227732254651654,174,8.089934766415178,1.1301469977215481,38.65337593706167
2.926617292670494,3.5414068495304183,78,2.34585315949941,0.8263996250694992,6.865414422656688
3.1280959497182224,4.166167026773188,115,0.38318516279979076,0.7508330630087626,1.1986399557461431
3.4298898606775623,3.8583137918632104,86,0.7550765091572664,0.888960837739753,2.5898292627943165
2.1338644387122776,1.1745283186780933,93,21.19233156099702,1.8167841547778913,45.22156269141139
1.4022705346428057,4.804463152074556,62,0.10835841786207535,0.2918683087489824,0.15194781654850095
4.001841683645254,2.3016885115519043,53,8.50111199382484,1.7386547586958359,34.020104334224854
2.316339843780985,2.1094251870303613,150,7.862800806141301,1.0980905405049786,18.212918790978343
2.764614849772484,2.6089175796319988,98,5.778461019438833,1.0596788765409932,15.975219143172042
2.1485785140198868,3.0365450731612795,169,0.777232955108735,0.7075733974806603,1.6699460277348113
0.7700321238049264,2.7955378213324806,129,0.12711190239332532,0.27545044031559335,0.0978802481608168
2.0626424827151784,3.215393264716929,147,1.0542928412509078,0.6414899556296625,2.174629203586612
4.951752270800804,5.544256372368078,195,3.0386047181982065,0.8931319077306301,15.046417813404005
1.3210489634962728,2.255298498888175,133,0.4869852715629804,0.5857534885725895,0.6433313882362262
1.34083149964993,5.258819579052354,82,0.0485849607903377,0.2549681500751447,0.06514424583694155
2.270856065518224,2.7438400988609963,179,0.7524681900565876,0.8276196803381093,1.7087469534995217
1.1876109836804414,1.7364570386777114,175,1.0555935356026978,0.6839276510893648,1.2536344771838348
0.7939504747642512,4.28870796077997,155,0.06212364227346479,0.18512579593315528,0.049323095277101874
1.7163815034282242,4.346384729490973,90,0.12132885131121278,0.394898659518629,0.20824659622275885
1.4043124345293532,3.277639450314223,86,0.18321622701325666,0.4284523834355007,0.2572928258022691
0.8970853326283528,2.8490726236105797,97,0.05740415531266435,0.31486924032546854,0.05149642576291112
1.3196858793106285,2.879548403647848,102,0.2806729678308482,0.4582961264477562,0.37040015235057666
3.2009921433554496,2.7325902847292696,160,15.954991836288588,1.1714131317979808,51.07180351526011
2.067078090173109,4.809490140485519,79,0.2153026827661416,0.42979152255096154,0.4450474583013827
3.9970931854162535,3.8378220770704226,192,2.0954144742884915,1.0415003888005694,8.37556691580111
2.023016673748078,5.819499357835272,148,0.08533195755213308,0.3476272698654608,0.17262797293152843
1.2070311065581951,5.8200906037741635,102,0.024280365145295246,0.20739043233716495,0.02930715600896275
2.5248770049355485,3.8097456830639884,141,0.3897061844205391,0.6627416145281687,0.9839601837245913
2.547419515738032,3.371077804103286,198,0.5909706257121887,0.7556691550213719,1.5054501051671456
2.5081367527421046,1.867583682985319,137,27.904146143149287,1.3429849358786783,69.98741449551957
4.751729719000828,5.487833097133122,110,0.7156033853624959,0.8658662963863024,3.400353873244574
0.7166101905265457,3.3612355366514732,192,0.10279849720665334,0.2131984452480371,0.07366645066910242
3.733569608684545,5.72230276691425,113,0.34296537511000924,0.6524592914362466,1.2804851013418255
0.7299865309751895,3.243299958773912,116,0.05079761855013826,0.22507524442825558,0.037081577347216364
0.5484128173222769,2.707015128182217,54,0.039451826669166204,0.2025894911383597,0.021635887412147576
3.877943023452443,4.304036225112311,141,2.256832063165615,0.9010014834043946,8.75186615445688
0.8940850214561117,1.6905528011469468,179,0.6404287421260286,0.5288713968883576,0.5725977456448609
1.2166098859111432,4.0072303858025835,79,0.09164299472174489,0.3036036785460429,0.11149377335297755
4.299900993288057,1.2042411994198556,167,66.14990999070184,3.5706310291987506,284.4380636749344
4.417239886289556,1.0989576417532563,137,50.79286294495499,4.019481478141755,224.36426013929398
0.6293399696880015,3.1071884370537823,124,0.06361862465340395,0.2025432259540519,0.040037743310965594
2.7152758598334095,3.071850924937673,74,1.5675951331429585,0.8839217547278931,4.256453223015415
3.2451335513449626,1.71814228982242,116,29.467299026250156,1.8887455192551987,95.62532073759913
1.864023005800083,3.97861585973938,150,0.28053895434882475,0.4685104246083677,0.5229310649293086
4.580129808139491,2.3413192291870892,70,13.22696923827591,1.9562175678750655,60.58123607957159
1.7045224165152888,2.8177501971653665,188,0.4123257317148543,0.6049231824134107,0.7028184526140381
1.7035074682732354,5.442023443455363,74,0.03775416802806993,0.31302832227264515,0.06431450719425974
2.339007464255412,5.396407393336635,177,0.09768072738974294,0.4334378955791156,0.2284759504785068
3.2860787394075177,3.5811550322616252,87,0.8562089419879053,0.9176030386297583,2.8135700007570605
3.7187098754997137,1.6920748397123515,93,20.875858707034944,2.1977218668010483,77.63126193338753
1.2372154353640188,3.491650294769157,129,0.10649304209356135,0.35433543766324244,0.1317548354370243
0.7213528792585633,1.715535886212086,169,0.4411111066750537,0.4204825355483032,0.31819676687298126
1.1672283881524352,1.6665791154549983,164,0.762994735393416,0.7003738240376104,0.8905891151620507
0.9922803796310458,5.767678895814781,62,0.015097816406371504,0.17204154349699968,0.014981266995314147
2.5132258622978916,5.559374141672282,159,0.16934279217444942,0.45206992698316634,0.42559668488656327
3.4051760730830147,5.808133346562535,188,0.21691378468058184,0.586277185784366,0.7386296295161983
1.3595195652881589,3.6150477520252124,197,0.08547758880435595,0.37607236710124575,0.11620845437317799
1.8517032783810334,3.5744893662431907,114,0.28165843909374494,0.5180329520261475,0.5215478550535722
1.0477997130866605,3.10071476239806,184,0.12394478857181324,0.3379219932749645,0.1298693139041327
4.058757441689526,3.4414220273467535,135,13.269498095597227,1.1793838155963456,53.857674142990234
3.3617608051600794,3.2302789001683636,105,3.123047244810503,1.040702957563467,10.498937820267125
2.1260634375164535,1.1203485464723009,86,21.345997964347855,1.897680364035727,45.38294580930062
3.1307188156695007,1.4245208058386163,122,36.66845814411224,2.1977347068837263,114.79863185336174
0.5089124431431372,5.129628323702004,167,0.03297909735518653,0.09921039323485721,0.016783473007683354
1.3406504438685785,3.6249502297687846,91,0.13937253425979082,0.36983968300003145,0.18684984991847722
1.5065811394188984,2.697738086643113,199,0.569084052633849,0.5584608627791545,0.8573713004422285
1.4727581780815227,5.713931182799391,190,0.05588933626171023,0.25774867266776974,0.08231147704698193
3.219603757824538,2.419742201852114,65,6.799500849929265,1.3305565176985366,21.891698487763403
4.252466638172352,4.987671465251281,181,0.6404173427256603,0.8525955784776437,2.72335338444786
3.7170346943211374,1.5286049189327597,70,20.57444969490811,2.431651663738132,76.47594333253839
0.5907665587482775,2.4162441934871906,134,0.057066649607932105,0.24449787001688222,0.03371306820817179
3.1443835834426537,5.837805635929907,157,0.23087007633121906,0.538624233066263,0.7259440779240376
3.9656368608647288,3.32677459879517,130,12.28515034271679,1.1920365336145498,48.71844504034266
2.3646928673315513,3.3891383550780807,54,0.591475393986425,0.6977268613978057,1.3986576453618182
4.621825840877355,4.741406643794235,186,3.4317526076369407,0.9747794669597907,15.860962881474657
3.9724172815536307,4.366087080791393,143,3.444883705655575,0.9098346432507695,13.684515565288716
2.945522220572747,1.9917484829401957,143,24.459760911977035,1.4788625400254363,72.04676927612508
3.7232981216519505,1.9204610376374274,127,25.70519939164338,1.9387522311998546,95.70812061159465
3.370227769088375,4.480814942027074,179,0.5779826547710084,0.752146163743089,1.947933193160672
4.373834079765014,4.166216054716686,181,11.274472728600768,1.0498337153718367,49.31267305173529
2.3396895659935675,1.0113267746576373,191,46.67632426079733,2.313485240006247,109.20810885191993
2.2355600185729134,2.8073775516239095,189,1.057299995202268,0.7963161268707047,2.363657596911523
2.8790506915945793,5.606108816363096,75,0.2635903054871914,0.5135559772209939,0.7588898513105249
1.2212632457237287,4.948299555166681,132,0.04495931737576401,0.2468046309865311,0.05490716186384879
1.3835101662104325,5.96353127832892,58,0.14830352644008343,0.23199512195702193,0.2051794365147131
2.111258608990423,3.11270281642203,73,0.45359380165368895,0.6782718214703385,0.957653818726045
3.4091877811726565,5.921284368656723,72,0.2734125250430852,0.5757514027224553,0.9321146395964491
3.8771209953457815,2.6573703178329966,113,19.276421412289277,1.4590066613325665,74.73701817271974
1.1172296967243454,1.0779324627140954,190,10.448247329544587,1.0364561188845771,11.673092195288051
3.141112657520465,2.657398260805531,160,10.724855135354693,1.1820255562929083,33.68797821573598
4.520309524869258,5.7475521783414,152,0.7173015028679208,0.7864755959768784,3.242424815616896
4.8502418620282315,5.069284600964798,83,5.088523130008543,0.9567902068676757,24.68056790106636
4.025990133436293,2.0795521080193704,112,25.084741835032556,1.9359890612554886,100.99092312763769
2.366188557662906,4.987634605266074,155,0.14903214431968337,0.4744109673079545,0.35263815461320164
4.069418307889655,1.8299903451132973,85,22.125468462906063,2.2237375835104265,90.03778643358511
4.488642947628548,3.646778893672618,66,8.715909056795901,1.230851411204725,39.12260371995871
3.839488957791072,4.9114667205860165,115,0.45425511952527,0.781739788991782,1.7441075154373378
2.524594806301823,2.4800084612555535,164,5.718146036420888,1.017978303599697,14.436001785223528
2.3467046213941636,4.759954290611213,123,0.21909820650920303,0.49300990684362844,0.5141587737543196
4.1258821596296595,4.637960972794829,104,2.2974560828032113,0.8895896674920506,9.479033064570412
4.283067386138695,3.9612919667676385,128,7.252317907256721,1.081229917428586,31.062166302480897
1.8001149682843,2.703690589426083,121,0.5510643936617989,0.6657991766233923,0.9919792635191162
2.613814054347075,1.8871141497846413,89,9.636918778480695,1.3850852926121957,25.189113743794085
1.8943774287186774,5.573288979020443,161,0.07619941037571316,0.33990296140208964,0.14435044309742281
2.673899056480594,4.018507949292715,156,0.6565809234221249,0.6653959853311273,1.755631111641577
3.550206633977775,3.214291777056858,157,7.643796614355266,1.104506647255432,27.137057449060922
3.11281649319056,1.3456333561661873,106,35.33975133193124,2.313272392458532,110.00616081128862
3.081439207269434,1.8695397493656898,93,21.13216941405717,1.648234121962331,65.1174953671357
0.5579286103162502,1.9745864851954429,159,0.13354337023139726,0.2825546586585833,0.07450766697015196
2.358934783557224,2.4915206110592365,92,5.572539123436665,0.946785177327654,13.145256371008234
1.966647314994014,5.202133388429745,158,0.09436096822234719,0.3780463068033023,0.18557474479471459
2.509402570921511,2.8025436591601647,86,1.9334413306227798,0.8954017764253139,4.851782645790711
3.3866854799931767,3.744339448277101,54,1.0009407207509105,0.9044814250351974,3.3898714053010135
1.5261334804481714,4.999519440141373,81,0.05964884152539999,0.3052560348490247,0.0910320941218601
1.4294177280559568,5.477286489504701,156,0.045644163352489026,0.2609718755436537,0.06524457627832983
2.196239854235162,4.394159091036004,173,0.22371293309087723,0.49980890740060985,0.4913272595620287
0.6111387618774052,4.997256475160791,86,0.05060401645446264,0.12229485617060336,0.03092607596200414
1.9902555719682216,2.2506558673195216,134,2.052902844617227,0.8843002614782549,4.085801325208847
4.621737633733112,3.7415274051381626,72,3.5683436205154395,1.2352542513483062,16.491948001027673
3.371949243465058,4.782930896074214,156,0.4079161175683404,0.7049964376931983,1.3754724440317692
3.9763544069253904,3.5847260833226917,178,5.746567134697136,1.1092491628369265,22.85038755074557
2.6419085320428954,2.06425117448139,137,22.330373473092322,1.2798386963285284,58.99480420226695
2.616835439132095,5.465739133498711,152,0.4911534815709897,0.4787706429481597,1.2852678366280783
3.7441022168839293,2.7677092068693954,154,17.85042805574726,1.3527802008936298,66.8338272558504
2.418282623050833,4.663349616781338,195,0.2504627549957033,0.518572018351037,0.6056897281275476
3.6910174253077113,3.9623840972125026,62,1.8751992626642138,0.9315142941100296,6.9213931544177845
4.52929069994172,5.1007611598935085,100,0.8811792431689576,0.8879636897243549,3.991116951066843
2.1239523948792467,3.33734366327785,100,0.3814691931838948,0.6364200421580669,0.8102224064355873
4.9886589342685514,2.738037662430141,151,31.00816799316067,1.8219833140793524,154.6891742943811
3.836903717432307,3.3979898424736534,61,4.110260180984344,1.129168683635362,15.770672568032817
1.5968523831518122,3.972963031806354,113,0.15393342379187344,0.4019298368416443,0.24580895462877098
3.3753055150473856,3.674924740979638,189,3.2867281837350064,0.9184692892915185,11.093711765022444
2.790762534020456,4.349865060758163,174,0.3743691429750219,0.6415745074938112,1.0447753781080384
4.583758675116431,1.6409930644704809,144,40.428904228712405,2.7932833930626804,185.31634048381184
2.1666840272091976,1.8869447878933663,121,4.208124766816926,1.148249827504566,9.117676716765663
1.188604738179386,3.9742995823850022,200,0.12056914817210747,0.2990727582408614,0.1433090607956194
3.337669906138378,4.3631075085830915,197,0.8524993593346861,0.7649753987433324,2.845361456653629
4.534289044154137,5.220025883583859,66,0.4552779746381825,0.8686334407677452,2.064361932446596
2.4320127191147076,5.451395410996058,84,0.25372885002382534,0.4461266402009792,0.6170717904642913
2.5837569658599313,4.597571921368986,64,0.13052282026285156,0.5619829357863715,0.3372392460578265
4.972088267377477,3.4008618481673487,75,12.843289933369826,1.4620083053526058,63.85797119223537
3.5958282385828877,1.6252443331116242,81,20.747703848262585,2.212484710959408,74.60517938333746
1.5418760580482735,3.3542533721929093,105,0.3920646970233073,0.45967787372014823,0.6045151695461878
3.1251430696458016,3.309226305212641,96,7.474097793411508,0.9443727268585789,23.357624920934953
3.0309348185608433,1.8099061968955183,160,24.653446593110903,1.6746364114116639,74.72298967659003
4.343510639181783,3.648482913823393,122,16.029670908726377,1.190497733379829,69.62504613463574
3.36556856831816,4.156376820229748,58,1.049796889638473,0.8097361509518102,3.5331634148854136
1.408150616776034,5.443503230075674,139,0.059297987672129,0.2586846295958675,0.08350049791408612
4.768640882714298,4.129437857492199,76,5.346103122572052,1.1547917773026581,25.493645913503656
2.284353341787516,2.330263232056916,127,3.3060586766049704,0.9802984102234341,7.552206186048177
1.864871567133255,1.227785207214083,71,14.309994866152039,1.5188907279350259,26.686302551709787
3.7465601557768444,2.5469259297464104,161,22.717751007957755,1.4710126085802102,85.11342075527376
3.8548024205450115,1.3322033991045643,153,55.24076196443036,2.893553959655112,212.94222293323696
3.94177822983795,2.7086787643969323,162,29.096789126314054,1.455240201107996,114.69308993629032
4.147363264506448,5.827060288082637,187,0.3827950966917001,0.7117419521106613,1.5875903218523508
3.3283281282642014,4.832386184239077,135,0.4356313708300029,0.6887545823882225,1.4499241450877918
4.689787293659781,5.9871540287931815,60,0.7657756744064229,0.7833082748674651,3.5913250276249915
0.5358026632746106,5.466985957035082,161,0.00846055456807163,0.09800695803601317,0.004533187670352952
1.22954198519052,3.169643415591054,91,0.18752793484140054,0.3879117692364279,0.2305734692835741
2.745662334895925,1.5700579262252958,100,22.061014316105958,1.7487649907904963,60.57209607733191
4.501781373238633,4.462893834074903,122,2.65380464772625,1.0087135254858222,11.946848331348145
4.572507212901583,1.161092117699344,71,30.96869537818344,3.9381089090173282,141.60458299089572
3.556075050986833,1.51335962806066,54,16.66109275158134,2.34978850040018,59.24809625607596
4.568942330650834,3.548615094745654,197,28.98562994810291,1.2875282916470578,132.43367165046791
4.725095871793756,1.3958146338666908,105,36.33801315153473,3.3851886612653415,171.70059593150398
2.402167853293172,1.6155269217585146,132,30.476595403910622,1.4869253003090732,73.20989775709653
4.482594255707191,3.7988476902149246,94,12.798333396120958,1.179987886130171,57.36973576407731
3.97466933798079,5.691944056654119,179,0.5858772124486212,0.6982973301247113,2.328668192141192
3.633465415743659,3.6699126453917583,177,3.5176294073415035,0.9900686383655848,12.781184796978218
1.0598088722208878,5.1988955190808674,127,0.05070469634579967,0.20385269685286067,0.053737287050544515
3.8471167515325266,1.218790581312155,186,66.64395121762206,3.1565035130077104,256.38706111763037
2.855819749202573,4.968144089923934,134,0.1981252853192905,0.5748262726506989,0.5658101026312244
2.593659341702551,5.4294280621787605,166,0.15651607031338308,0.4777039702892294,0.4059493678948793
2.730599851869821,4.245588737604212,152,0.5685249369460512,0.6431616486270171,1.552414108609187
2.2855882632818263,3.597569144084462,63,0.3767955412254429,0.6353146171047341,0.8611994666817958
4.662773948014242,1.1348518576084357,194,73.24618728551009,4.108707155699141,341.53041386624847
1.0660769315274738,1.8612118010778014,53,0.14830880786331468,0.5727864668116351,0.1581085988054202
3.294913595603065,5.063003371052814,167,0.3796592582680302,0.650782421841033,1.2509444517639081
3.746644068789429,4.80428427674161,191,0.8439313546112561,0.7798547823091143,3.1619104042196913
4.575765692001804,1.0928361714427706,162,61.98092288544586,4.187055490633004,283.61018049783263
1.3962998503487711,3.173984941358305,185,0.2799689771461331,0.43992012443235645,0.3909206408914442
2.3266531384046525,5.239520154299224,189,0.13462440722069247,0.4440584385376485,0.3132242995658901
0.7793684574664038,3.1622883850636447,126,0.16655293273286323,0.24645711034691672,0.12980610227051734
1.6545391623475607,3.4620961157531864,124,0.20868819635423438,0.477900990333312,0.3452827935877582
3.1087856369691123,1.6965743290547088,196,43.4983791488142,1.832389883384157,135.2271363292703
3.5654033742619826,2.870925199642293,109,10.60463650348432,1.2419004767892312,37.809806772344785
1.8256036274048322,2.4242548096528482,51,0.3617556691766066,0.7530576489466705,0.6604224618830755
4.087529611119836,4.711901734470795,168,1.9660973089231362,0.8674904192540245,8.036480968566343
3.290922277866933,3.150129824642906,149,7.183042201067073,1.0446941748630907,23.63883360234996
3.8398522530482406,3.710309389906765,64,1.382037553549622,1.0349143021587024,5.306820013794795
4.244740066086512,3.673286071369019,154,17.2843181287893,1.155570239729386,73.36743767625741
2.7985074069637736,2.0599682719794967,138,19.822540482742284,1.3585196650988165,55.47352636579354
2.462508023274082,5.888609540176645,198,0.1004841233241408,0.4181815769024842,0.24744295989735904
4.296651890243713,1.3832407711772412,199,72.46693609682062,3.1062212593595993,311.3651979605747
2.3317363394177697,5.692426753863092,98,0.09564992051859182,0.4096207892065307,0.2230303955356219
1.480997349142382,4.485802282171234,108,0.07652783201119837,0.33015216810348236,0.11333751634419831
1.5803170021399928,5.780600293935732,76,0.048775857300867316,0.2733828532994851,0.07708131658651472
1.5701715046341114,2.712393224686643,70,0.27795803461142493,0.5788878582733924,0.4364417854309615
2.293477360472827,5.729927271064714,113,0.09685500433546923,0.40026290945341464,0.22213475969189617
2.584442832949754,4.899685885166468,62,0.2126453711849497,0.5274711264193515,0.5495698055188835
2.1483967543122526,3.3779167473335066,80,0.40274158361419277,0.6360123457773716,0.8652487110633085
1.7929552091207008,4.39148051262357,65,0.12802826658099165,0.40828035191474615,0.2295489474810827
0.5189041022656761,5.486504013072182,58,0.0008029688756956504,0.09457827808552252,0.0004166638435901307
4.263376021288211,5.461707850132929,194,0.7950146470356996,0.7805939347679404,3.3894463827449126
3.4453272816662857,3.454511682718282,75,6.962849231272147,0.9973413315989225,23.98929441463105
1.7810744546656057,3.8700347327339095,56,0.27083946525466274,0.460221826848412,0.4823852528803727
2.376950700007872,3.0420004873159447,181,0.7756310661080722,0.7813774882413422,1.8436368055334342
1.4696317300218715,5.067855408045632,121,0.05183266807232427,0.2899908564259177,0.07617493365077935
4.8112316320185835,1.2443549086931425,79,31.36684437938919,3.866446460255843,150.9131538747216
2.448863092517335,2.8674565499755955,147,0.7625038224934729,0.8540192501044791,1.8672674688076552
2.5875978922758023,1.8137189925229604,160,15.395266099498297,1.426680705745019,39.836758110086905
2.642829548145629,4.571118013854493,131,0.3421961843198167,0.5781582405301153,0.9043661871830996
4.519484029670578,3.4950865732534284,54,7.46402153296945,1.2930964469539825,33.73352611537273
3.549564650394063,2.4248702866694924,76,13.353340350876342,1.4638162997449709,47.39854487415132
3.7973770596291674,4.009066858793108,153,1.4106011248019348,0.9471972390034752,5.356584351609968
2.0196430697249186,1.8051709859245015,194,15.78041536003755,1.1188098443154277,31.870806519280492
1.1542415579123322,4.181215844807998,107,0.0427772507197742,0.27605404761526614,0.04937528051399861
1.9204730851251797,3.357571235682606,190,0.44188257082437504,0.571982826370247,0.8486235840541333
0.8862823341272696,5.712042239132862,125,0.036836287735400514,0.15516032568096258,0.03264735107471448
3.744355815773006,5.2046601541237285,67,0.9066938746620307,0.7194236904798286,3.3949844827165356
4.5377160702074395,3.286693462476377,53,9.769587885490315,1.3806325786124494,44.33161594729332
3.0105835157712733,4.751950603061037,170,0.34700617115663035,0.6335468878468482,1.0446910587550564
3.5514375279656862,5.643830438080305,149,0.3234601632519247,0.6292601393555817,1.1487485625747929
2.606861896309435,3.5238887897449014,120,0.7968485538960025,0.7397684920976604,2.077274132280764
4.124235182362595,4.924147010857123,167,2.047189562835277,0.8375532195259762,8.44309122001075
3.655612622199534,2.12173827927498,88,23.98319222523588,1.7229328696698136,87.67326021921001
3.2367710048460134,3.631615348099834,181,0.9173011775733667,0.8912758358452212,2.9690938542805774
4.756395475821676,5.380695657360306,113,0.5874887767967468,0.8839740767191239,2.7943289600520567
1.7829772865246585,3.988702209306264,70,0.1314983369555464,0.4470068691427238,0.23445854800750537
1.5178879152197908,3.7065914161622384,69,0.18755140205812068,0.4095104490344378,0.2846820066665496
0.7371234575311305,1.978921977404591,131,0.34981525854118656,0.37248737744470733,0.25785703287302575
4.64074036928699,3.677491901462783,127,16.67112389932169,1.2619308196004617,77.36635768096731
4.909361820159256,1.5793162136072427,62,20.69447695853798,3.108536325949577,101.5966750684118
0.7759337231971937,3.078814977219835,177,0.054109139306850046,0.2520234989560368,0.041985105921359775
3.3318799290889753,4.206161867107884,164,0.8622107937802073,0.7921425837517622,2.872782838440146
3.1361990402999003,3.0736071656450235,172,2.4336185821147507,1.020364305287446,7.632312261684286
4.4422820749777046,1.3232164826981976,140,56.07472097100644,3.357184658038235,249.09972782887831
2.945492960803283,3.4049334630130383,76,3.429311830932995,0.8650662319247805,10.101013858412555
4.308149638646835,1.3154703826018639,156,45.04348673391671,3.2749879401509308,194.0540810961168
0.9187721916993966,2.4542139234861393,178,0.2660882959926283,0.37436516145027304,0.24447452689470486
0.6317644964378304,4.359704281044573,174,0.03034637086317969,0.14490994244372496,0.019171759707092364
4.692153836946959,1.0979822073038732,68,28.734151378801226,4.273433399680198,134.8250586434569
2.485021617837309,3.3776558946780235,158,0.6509183232899518,0.7357237372086403,1.6175461048219446
0.547082021614508,2.2833859969282226,54,0.17975496967388468,0.23959243962715138,0.09834071220444342
3.4306694724954077,1.26966242621129,74,23.58808634658431,2.7020327621512954,80.92292774381252
3.0346028112024332,1.692663310351186,92,21.493526883105964,1.792797653641366,65.22431710212844
2.9678187706420913,4.448642049775302,127,0.34346742578507294,0.6671291458012438,1.0193490733490589
3.9098108755311243,2.7110695920582746,186,31.003934331507992,1.442165441633961,121.21951963358275
4.478675422799125,1.3041630241816478,54,18.16845257232094,3.4341377111266125,81.37060200594533
4.045811419361914,3.2373148444677144,54,8.631857795984057,1.2497429548058474,34.922868841300456
4.632944589449364,4.4007455139187925,94,4.013540431106743,1.052763577170315,18.594510424832254
2.2867740828827228,3.5683901084051013,91,0.5270266223356181,0.6408419520882488,1.2051908209463122
2.9368377979002944,2.9225389316057795,180,2.705726373808584,1.0048926179014692,7.946279485376751
1.1180969604213653,1.9737689781219128,126,1.0116606797121737,0.5664781303256983,1.1311347309639939
0.6117908356919222,3.0175546693614583,178,0.04434680160351167,0.20274391112237333,0.02713096681327628
1.1247855693472677,2.2640316455653493,108,0.35256344962677233,0.4968064697993205,0.3965582804194859
1.336237031206694,2.238745435265494,153,1.3483731839437338,0.5968686792869905,1.8017461802716925
4.821465793700949,4.33389406176362,84,2.1627916453251728,1.1125019958930233,10.427825936837516
2.5152782591902016,3.2534149939607473,200,1.0259458125196952,0.77311940341434,2.580539197338016
1.270399878173654,1.2927132436227542,141,2.0103058222328465,0.9827391221067959,2.553892271656396
1.7225209614012629,4.496630533622178,76,0.20136998797901426,0.3830692667591077,0.3468640252909724
3.7226466348521834,5.9758964679977415,156,0.22986815248781223,0.6229436294266117,0.8557179043184427
3.3866961878208013,2.3041083670951217,160,28.2070972934917,1.469851086948024,95.52886887335877
3.87929678320389,1.2755932159057606,80,30.30135992323025,3.041170754776488,117.54796807689038
1.0225108465686898,4.693521836307681,143,0.07474003742179533,0.21785577701138018,0.0764224989367355
2.351368842339519,1.5195481122605838,62,7.840204527055875,1.5474132232914044,18.43521264248843
2.2144334660764686,3.138245427307353,138,0.5740901688976001,0.7056278794537989,1.271284482552338
4.321738582807475,5.323059406660795,163,0.8080072701218067,0.8118899776695414,3.491996194474354
2.446144250509657,1.9130356194819356,117,12.892251684689617,1.2786715655467467,31.536307334626944
0.6367819841956921,2.36470160229196,153,0.0958949678768049,0.26928640111652924,0.06106418791897398
4.600494369854022,1.2584699169343248,87,29.76698636703805,3.6556252223024783,136.94285318907998
3.8596553854388205,2.9733126761570805,172,20.53986472788116,1.2980993947892867,79.27679951315139
2.6393588781276276,3.960594598232112,102,0.28270490009505533,0.66640470582517,0.7461596879560682
2.6754782626283147,2.3470047173812674,187,7.731389080102034,1.1399543608985798,20.685163423734917
4.6679893097845815,5.5264082958371645,132,0.5499625221387808,0.844669640732264,2.567219174125995
1.9286443028223728,4.390891197581157,102,0.16244338507678385,0.439237552477916,0.31329550915952004
0.55323433486489,1.7709619562131254,115,0.10111640211756583,0.3123919929075605,0.05594106546944229
1.3597250072181124,2.934694450149068,67,0.12747304022220796,0.46332762415829865,0.17332828053625646
2.137368519850103,3.5924127822997978,168,0.4874532846175607,0.5949674075265365,1.0418673054391068
2.6208313204045433,4.943183087341593,76,0.13887514293278178,0.5301910275417305,0.36396832422389214
1.3029285486982276,3.4466004192856188,102,0.1227022133115153,0.3780329571735755,0.15987221671203297
0.7598667268923329,2.400757084006616,200,0.13261481448082366,0.31651129218962615,0.10076958501697743
2.3001790528500803,5.1356982548852,87,0.19326074720395342,0.447880490381633,0.4445343224566884
1.5569216559188976,5.858822898034952,200,0.06878600774878013,0.26573966870394544,0.10709442508828089
3.5703779742258823,5.744803271536938,116,0.20609133199032226,0.6214969957136026,0.7358239524171205
2.8484263684708364,2.7796684959711717,135,2.881474522513807,1.024735997331812,8.207668010005241
1.8028065092802477,4.433960228260995,198,0.15124455859404035,0.40659059091003863,0.27266467472655376
1.3637965921718613,1.258774930501216,137,11.596815083648233,1.0834316438355094,15.815696891126699
3.105388735885417,3.596368838188898,132,1.6637008840749754,0.863478935450143,5.166437985289039
3.126691130059816,1.6529675096031573,174,42.00735818800316,1.891562363987704,131.34403424367505
0.5605992396774748,2.460241363972572,112,0.11496232680421559,0.22786351285967757,0.06444779299799665
2.741631458035515,1.76547559521139,182,41.25377779059055,1.552913824168294,113.1026549534899
0.5481595236681838,5.9802053200046394,114,0.020565681444683487,0.09166232500989757,0.011273274144629305
2.6133161791773865,2.8264961473865435,197,1.2934186091563151,0.9245780085685702,3.380111777757311
4.395562778438185,4.271454743212673,57,4.164251630824088,1.0290552148358165,18.30422946850087
0.9035942972332154,1.8152684354343243,189,0.24371483923180198,0.4977744776446905,0.22021933888096618
2.1677077399778275,1.5710600927929277,159,26.866153224029276,1.3797739182109952,58.23796828715852
4.20492336429706,2.74858051147947,171,29.427017123338,1.529852717333606,123.73835184349362
4.445349470760156,5.13267669293314,107,2.1597889880158863,0.8660879569680823,9.601016834830034
0.5478438878367087,1.037776531493453,94,0.4362414780443502,0.5279015965492229,0.23899222736744902
2.1487929208013226,1.9129767575709886,74,2.711267597263541,1.1232718391883458,5.825952619397908
2.00850786309534,5.72390560971667,63,0.10132618354370439,0.3508981454351341,0.2035144363849719
2.4742110635490393,2.4100374432452947,145,5.429085046453243,1.0266276445138256,13.432702286883263
2.8577215134978142,5.288877187353486,114,0.15336964601331993,0.5403266917089818,0.43828773692980866
4.373603822763419,3.270520129018844,122,18.42734578897203,1.3372808147416908,80.59390998603146
3.252632896332419,1.5234384494675663,139,34.07809933762654,2.135060262834509,110.84354695004811
3.4881601261247783,5.10298665981018,88,0.3248331343510982,0.6835526640891768,1.1330699868876337
1.1393175510193045,5.576983684715824,74,0.03219481522894837,0.20428920280719068,0.036680118042164464
2.112053205787139,5.813652997587426,198,0.09467809162369029,0.3632919279261434,0.19996516693162353
1.0156881839149843,2.9999949035072295,200,0.17576198251666825,0.33856330313347033,0.178519368823652
2.312917368872478,5.078871124783716,156,0.22060719613604726,0.45539989341056053,0.5102462156413211
3.348777673631244,4.702583788335565,140,0.48960585274444035,0.7121144086656481,1.6395811485497682
2.7914784224658247,3.214445098183664,141,0.6020897894272933,0.8684168922477978,1.6807206555732812
2.61602127422019,3.8920232049903283,76,0.5772181816398084,0.6721494545217366,1.5100150430364327
1.710226632357392,4.524003793314266,53,0.13327538803446687,0.37803386347394885,0.22793111805431093
3.995752703651866,5.662145233979898,126,0.43084705026558207,0.7056959047380825,1.721558265959131
3.63917439774682,3.1097467270290853,162,14.922154140526311,1.1702478424098308,54.30432130743505
2.611055305983618,2.966779850862395,103,0.9989487659584473,0.8800974245610527,2.608310475761591
3.1238758265219455,2.3695851476100467,173,17.472401651086887,1.3183218293179602,54.58161314911246
2.2742762239067993,2.229468979327091,51,0.83872278393745,1.020097720576149,1.9074872859578622
4.416749652990838,3.1677271136266754,183,26.01275907333146,1.3942961292313396,114.89184461047098
3.6254631560442636,1.3506278736103603,194,62.97270843841672,2.6842798278352173,228.3052342797975
2.1163217008887596,4.761277987827292,136,0.164246855936719,0.4444860615782903,0.3475991855216282
3.03752627617827,1.709507979887087,97,21.30444130994648,1.7768424084097572,64.71280027826025
4.2270413402225495,5.140500665427105,177,1.1473003864567022,0.8223014868282953,4.849686163205788
2.984637067252341,2.817663007650772,87,7.231602958521702,1.059259769230098,21.583710245655563
0.6715127379797894,3.335475963902799,191,0.17946509862818913,0.20132441224192205,0.12051309975162823
4.3653905122231915,3.106149106212561,54,8.729418690726758,1.4054027552933765,38.107321529722384
1.6205468566286831,4.739046283349792,53,0.06941659477270355,0.3419563261752322,0.11249284445677182
1.924066683941471,1.0003197929163727,63,16.29213789367702,1.92345157775192,31.347159731404325
1.8866741138165055,1.6734490669411213,57,5.199504819452954,1.1274165142445214,9.809771147526051
2.9925657402808397,4.051779953208523,149,0.5792777326998612,0.738580518892959,1.7335266969851664
0.6883426736542144,3.4036320967803846,200,0.030256352086726515,0.2022376843564679,0.0208267382904006
4.1517880540300585,3.066927469279487,130,19.884715955236175,1.3537288037025008,82.55712616073045
2.622570551450582,3.0884386176975953,145,1.9489551660705504,0.8491574145014694,5.111272424634104
1.0063592871648641,5.918488719103224,162,0.040882957563324586,0.17003653042652903,0.041142944030618724
0.7606728670082623,2.669106516498937,171,0.09731807744857769,0.28499157388669366,0.07402722098454172
4.051712258069227,2.9749002872076633,157,15.519417381519268,1.361965735622115,62.88021364279424
3.591854732267997,1.3013567079631514,65,24.585677208369383,2.760084694910338,88.308181026895
1.521717504857723,4.983364693040372,105,0.13100580831191005,0.3053594506103299,0.19935383174626892
3.54004634221685,1.3294061280018283,78,25.752720103081586,2.6628780081958383,91.16582260304831
1.1366332653638485,5.956062857308677,123,0.04862433867838902,0.19083634484634213,0.055268040848174986
1.5560912404870668,5.782572588535642,95,0.06216343109892489,0.26910016548207755,0.09673197061165834
1.8517830679210516,1.862200759667711,117,8.324945941864476,0.9944057096461939,15.415993936502709
2.2948339432591487,5.631688604074567,64,0.09843710723982359,0.40748594330993726,0.22589681497018807
4.136965247331398,2.75120057753898,189,26.514200662126793,1.5036945256212546,109.68832669998969
4.076125896496846,5.9965945160074385,171,0.21938172459643904,0.679740123434384,0.8942275288456842
3.721650668024565,4.0473229700947755,82,0.8205855612068895,0.9195338982145563,3.053932802036933
0.9255663656196871,4.855422578042965,127,0.036490895869147076,0.1906252958919072,0.033774745867812914
1.9895742947502106,5.0427554796189105,99,0.11211437420623924,0.39454110015672744,0.22305987699273963
1.6945929297409905,4.490895491737067,174,0.13613160146209807,0.37733964926570274,0.23068764935198968
1.3089465988203355,2.0047662592259012,55,1.2175227006747467,0.6529173128271611,1.593672198034759
4.7553837902511615,2.929869953125084,96,21.18174534585478,1.623069919939256,100.7273284669058
0.896814205137954,4.203461676999714,181,0.06276023386108244,0.21335134564092637,0.05628426924439875
3.9844065855197632,2.368203140701056,166,26.97257924797917,1.682459801290638,107.4697223841019
2.9360519140681625,5.409624386980388,151,0.2151517250782032,0.5427459845704823,0.6316966342309256
2.234246598874755,4.507171509232991,132,0.1662194775250145,0.4957092478726127,0.37137530232700244
4.305279533471829,2.320056378478885,193,48.213274258930014,1.8556788418626837,207.57162290863556
0.851577088274371,4.466111775571481,157,0.06362172402204884,0.1906752743924336,0.054178802493691954
3.726801917971961,5.4610934518032135,175,0.23402789429485157,0.6824277868274526,0.8721756053169922
3.0698546173321826,4.3240705358661256,175,0.6606507743902286,0.709945545954717,2.0281018302059253
2.259912328512148,3.12340240421627,147,1.5483289522682877,0.7235418418905936,3.4990876878234007
0.9710131552536515,1.7003893576705977,164,1.3810888269315076,0.5710534183675818,1.3410554195243274
4.685252514504788,1.684237473001494,186,58.36268389060427,2.7818241724281076,273.44391145170175
1.266258976160861,4.5773155007195,55,0.13760778187366432,0.27663790620546475,0.17424708898711325
3.4550308889601795,4.459215229482426,83,0.6494727639160333,0.7748069360090518,2.2439484608682374
1.7156897036675696,3.4734909469241737,186,0.2171826261430389,0.49393815325381446,0.37261799548909497
3.885155236332222,3.473203401323013,121,4.188589269472333,1.1186086121107357,16.27331953313539
1.8392230720928782,3.8991401640103587,122,0.23950548911289143,0.47169965549563453,0.44050402146931955
3.137434586304431,3.658416949614421,199,3.585974637277457,0.8575934972734862,11.25076085260478
2.603048346442001,4.412175948844121,121,0.2759253283691728,0.5899692978300047,0.7182469697528414
0.8324350039262565,1.6772540163246372,131,0.4303399173154998,0.4963082489737418,0.358230010760153
4.602194990518717,5.783588068505366,66,0.37871627310881645,0.7957335370373373,1.7429261349293133
4.71933837205362,1.808136501607063,123,36.95909545554015,2.610056468557045,174.4224773797232
1.785335452212681,1.8968781424514094,90,1.1869118500448006,0.9411967022327657,2.119035804536324
0.7050002323185705,1.0732708853758879,95,0.22075118395084747,0.6568707321932624,0.15562963596994694
3.2502297062021985,1.4684617099066428,99,22.91735361713828,2.2133567966227945,74.48666351396324
4.96952304560048,4.988674076473371,78,1.214555589584134,0.9961610980033337,6.035761992601233
0.7473458493265088,2.093052708450278,143,0.11602911583811452,0.3570602146373336,0.08671387812263957
1.3105037450692942,2.7930652685732396,87,0.24143544032674405,0.46919911246425294,0.3164020487406522
1.957393206798519,5.084094914134465,140,0.12260263371139105,0.3850032778413919,0.2399815623622839
2.413790309500417,5.105934763210477,200,0.19294871608594652,0.47274209746908114,0.46573774111880495
2.948228012914155,3.8674787835935653,94,0.487805125594659,0.7623126532512571,1.4381607361212814
4.487210584423183,1.890616538744906,118,28.639695707000662,2.3734112615993705,128.51234571111257
3.881818839187771,2.8654415525431527,90,11.847420129958481,1.3547018035466671,45.98953865624526
1.4659838099017444,1.004972205507432,72,10.498425533922944,1.4587307010759942,15.390521862190113
0.8888297222641101,2.298883451956833,113,0.27309055187547027,0.3866353996795832,0.24273099937642678
1.7516948954921623,2.527704523164908,141,0.9902054954016082,0.6929982833986018,1.7345379117832849
1.1295177642848644,1.3053135873615016,91,1.1595261403487966,0.8653229195047433,1.3097053736766306
3.3132299165734564,4.619286442390017,131,0.41620767978549866,0.7172601132003393,1.3789917361729396
3.328856188791552,3.646115998774994,50,1.8437484791381382,0.9129869126242738,6.1375735353540035
2.2990511864361047,3.898800219800602,85,0.2806520496902956,0.5896817115070558,0.6452334278161987
2.442601175897889,4.543886818374656,186,0.27272924466194565,0.5375576623124616,0.6661687737130115
0.7196090489721398,3.3373496436430674,51,0.04599893126825674,0.21562291213413617,0.03310124718368506
1.1922185516032116,3.107659829483071,199,0.20743265580473721,0.3836386918196016,0.24730506045873132
1.761834406896928,3.157162230938352,134,0.44591582716785955,0.5580436727742326,0.7856298468842389
3.5160579061769344,2.0914962467402693,63,13.653984092869072,1.6811208299593823,48.008198720546396
4.69555927055572,5.57248020638303,159,0.7282277119227619,0.8426336382814181,3.419436383794505
2.6578169946993464,3.251670951288942,59,1.5044892741157878,0.8173696030484894,3.9986571610878245
2.7190801737279346,1.438675548387899,156,38.22461856465846,1.8899884527646187,103.93580248747557
4.484316742997463,4.485617207540472,57,3.252513024366124,0.9997100812479445,14.585298611982328
4.851453669607228,2.900590928029005,176,46.4455911429574,1.672574240899203,225.32863358757763
4.890562100949811,1.4659599438354323,183,68.13533254117654,3.33608167229624,333.2200750614904
1.2172934271304974,5.81084800948963,52,0.02270902752185691,0.20948636500947007,0.027643549938881986
2.270983733607675,4.914897760786133,80,0.1253555549634895,0.4620612358871191,0.28468042623944745
2.9012099764031074,1.8929192842842482,68,11.74867600007579,1.5326643880117239,34.085376020947635
2.2259141850668183,5.047415214314092,122,0.179045637805842,0.4410008074537423,0.39854022496635955
2.2430138707912466,5.930924257604455,144,0.08639068514896546,0.3781895996927158,0.19377550509628888
4.171488204939587,1.0732849226645649,101,38.00632828638068,3.8866549942613027,158.5429501596988
0.6301350437032702,5.421863400399814,93,0.0031535446804258844,0.11622112125820126,0.00198715901502038
3.203141958738108,2.801030305938794,158,12.498633196761842,1.1435584798731915,40.03489641942487
3.1998104128526954,2.476022489723749,102,10.450427805023415,1.2923188000645744,33.43938770927926
2.6647296556623137,3.08328276134377,71,3.485647209995632,0.864250820285117,9.288307489651965
1.4611196317575086,4.497040915193695,170,0.09652988960932725,0.3249069019632381,0.1410417167595732
0.8997138275691653,3.8017820014365205,198,0.10551567910265629,0.23665581751641845,0.09493391551401067
4.227422960333872,1.7796703445100117,97,27.584071513262028,2.375396642066196,116.60953725465538
1.1213463472311536,1.9904429807333432,189,0.5775566246322574,0.5633652197452115,0.6476410113505363
2.799345781017082,3.5065572249167967,69,1.5289275536354794,0.7983174382912016,4.279996896750247
2.9295382912804313,1.0740357720039837,133,39.350285741239745,2.7275984353988214,115.27816885178821
3.0533432811042327,4.103628512681871,60,0.4528869601865545,0.7440593785885267,1.3828193569853364
4.754345385596753,4.505621806425271,140,11.697925705384039,1.0552029419816789,55.61597909844624
1.0654646281188165,2.0622135975917923,83,0.2697303544605289,0.5166606550180072,0.287388151807644
0.880709906736736,4.709281865469057,62,0.033531488892527925,0.1870157556706398,0.029531514455282168
2.899356584185521,5.305356997055686,148,0.22499904567515736,0.5464960389648759,0.6523524645137262
1.5579478177214674,3.8291063250245703,118,0.2516678713838099,0.4068698243085403,0.3920854110130136
4.246273258376858,5.375334018846673,124,0.5666845223937315,0.7899552369190138,2.4062973333765636
1.9379370146566983,1.6854322343442354,121,16.198579049842706,1.149816038383001,31.39182592553271
2.421425440225799,3.642626503535144,138,1.1351090128416121,0.6647471097780193,2.748581841124273
1.1033830429565463,3.833350937822589,156,0.06109807010863555,0.28783773279659264,0.0674145745152387
3.510293748567383,1.5670357043164775,69,14.074508497548518,2.2400853655715087,49.40565919310307
4.9090367597069315,4.753711359059039,133,1.507285940922383,1.0326745544514166,7.399322091377429
3.6170954770550594,2.0615445707506614,91,23.432964924804192,1.7545560393768163,84.75927144349909
3.4407571402643082,4.97950595369966,191,0.3238646161194982,0.6909836381876205,1.1143394903921227
3.5801237686157883,4.276227599226229,185,1.2235254884713374,0.8372154394362922,4.380372682783477
4.131443591366979,5.356353496454525,165,0.6512561795451586,0.7713164551409205,2.690628169319988
0.8714523231690541,4.669439856975312,191,0.042393574066620615,0.186628878379761,0.0369439786077959
4.9847708294274,1.0837363070613528,61,23.732481849168767,4.599615973874722,118.30098323165171
3.6740787721160855,5.9057177901080005,131,0.28873438467563384,0.6221223063299975,1.0608328735167463
0.9993437027128962,5.646279720901314,91,0.05811050673132012,0.1769915328518955,0.05807236896340013
2.698574072846186,4.761190705856323,114,0.3096566740171969,0.5667855457935987,0.8356314719865906
4.929777898638648,2.1412365464181184,174,46.374950504839795,2.3023042021607694,228.61820604922042
3.9143163628146023,5.915403348906697,68,0.3283291079849041,0.6617158851117158,1.2851839997736327
3.395665342572264,1.3694228555522967,121,34.40397733102287,2.4796324442845457,116.82439346959619
3.1863139647398007,2.1516112653450734,136,18.142081111295006,1.4808966731398772,57.80636639436144
3.5726955570894234,5.8530375643554144,132,0.3445556622493638,0.6104002439428865,1.230992483688306
2.403913357074652,4.171431482778218,88,0.5279555181377875,0.5762801970976207,1.269159321992696
2.7424742109649136,5.457215917456981,55,0.3973343349057099,0.5025409022560509,1.0896791666098056
4.689093801247824,3.7427977182904515,158,19.161006751857904,1.2528312118854235,89.8477579858046
2.0598345125068445,1.4695407964558167,75,8.797980957961121,1.401685831026043,18.122384817586347
3.5700671642273254,4.831323375322499,197,0.6941029107452998,0.7389418771806012,2.477994010246405
2.1007755980732727,3.156151386239806,79,0.637469543000812,0.6656130650868769,1.3391804604510267
1.8890089650356643,2.392358160710882,173,2.194665185865324,0.7896012378323616,4.145742211351259
3.6938748444365035,3.466767099256874,61,4.5065762551111535,1.065509951686201,16.646728663289952
1.4775657246426428,5.214238643506692,183,0.03504937615431924,0.2833713271797907,0.05178775687572927
4.909148098202122,4.92007739576802,190,5.609063129854687,0.9977786329996965,27.53572159662178
2.3437896804092584,1.295088245263266,169,35.60428795047901,1.8097528789884214,83.44896267665241
3.194995233935338,1.816097032952476,59,16.470004918260955,1.7592646075420053,52.62158721673532
3.947294282515229,1.1489932959478253,70,27.165231706565166,3.435437174817486,107.22916379852609
3.9807356653000197,3.9628589589364376,144,3.282186144187588,1.004511062984785,13.065515444321084
4.458711563132535,4.20059418160754,147,8.7923489352271,1.0614478262754283,39.20254786459311
1.791022867812956,1.4336801593827628,142,14.306097931583846,1.2492485552593813,25.6225485446383
3.9430102026616285,2.9280103989653026,149,13.222995409003728,1.3466517072668203,52.13840580744957
4.760162646177475,2.326902325204975,65,18.146650055555998,2.045707976057034,86.38100574771207
4.137086065392268,5.921552944722279,183,0.3404907379502546,0.6986488348600414,1.4086394873691284
4.524183504294285,1.293888822818319,72,26.12250931239881,3.496578241119521,118.18302572192856
3.4717489399450874,2.58693685485384,100,13.326307054842916,1.3420308011890916,46.265592391033636
1.3042414575308645,4.946476935008601,98,0.037103399787096515,0.26367078522091536,0.048391792217673125
4.713133565225271,5.125897516430613,56,0.9051266205492876,0.9194747944370203,4.265982656089765
0.5815987940034304,2.1346528653089116,92,0.210249028814333,0.272455912366466,0.12228058159880856
1.4615537392276883,4.74650272598714,62,0.07156692696587481,0.30792223740348235,0.1045989097120092
1.5039954821709263,2.819623935654531,56,0.2793710370716429,0.5334028638190708,0.4201727776051573
3.2966710216998263,3.2195643023063565,187,8.821560641628297,1.0239494267402065,29.081783333423733
4.643970598680086,5.5262045513655105,193,0.991910972430165,0.8403544522311562,4.60640539247386
0.5205163481509838,1.8142758652785735,127,0.26932134113531525,0.28690033203471016,0.14018616096687964
4.081866951690529,3.785830786941992,53,2.1018126258028595,1.0781958258064832,8.579319495910584
2.295577749143906,2.5625164053248475,138,1.7429860038775988,0.8958294840078881,4.00115988757067
1.9705920059320814,5.184968582305357,171,0.07987481241106047,0.3800586203467236,0.15740066681256035
3.5242094358373524,5.87817932484978,118,0.3418617408485447,0.5995409872813663,1.2047923728502248
2.691896750160324,4.725948496192752,162,0.4277579120217223,0.5695992565997978,1.15148013322664
3.2472762965014366,4.9236580240706775,149,0.2674154631328443,0.6595251499243489,0.8683718947492391
0.8997344830316577,3.4442106508098793,76,0.09008426286367757,0.2612309682104061,0.0810519176769389
4.87335953304069,4.498023741316604,183,6.046566106509009,1.0834445999642994,29.467090577316405
1.106555703527702,3.6191802036881793,140,0.08637749619594196,0.30574761168290265,0.09558151107206196
4.165779431832764,2.9474469114552733,57,6.125221699680519,1.4133518115771424,25.516322571944826
3.6996390218780597,4.4341933420806825,191,0.7313275003951224,0.8343431908501437,2.705647758234337
3.763389848961168,1.1940625266052804,93,30.870797293938107,3.1517527475386777,116.17884516534457
4.769150692914701,4.0375616893016755,86,6.924065010268881,1.181195746321726,33.021909441510275
3.8539643448146235,3.730026967980621,198,11.00474318116425,1.0332269385443882,42.41188784404887
3.4110255039847948,4.29326778571284,133,0.9786304741341256,0.794505647967272,3.3381335062482345
3.5401531243494513,3.0957495043539573,137,11.317941422346763,1.143552835709243,40.06724568752497
1.4936956037185778,5.645968243827952,75,0.10030225056783744,0.2645596891820022,0.14982103071625802
3.420786635601687,5.12261768551962,151,0.3549688531129154,0.6677809755882055,1.2142727087835192
4.793493794441342,5.464101703068259,84,1.17692791856155,0.8772702367069137,5.641596674129555
1.8349447586440693,2.0501590094455726,168,2.8191420639026665,0.8950255810354417,5.172969954031221
4.763049241210903,4.727339911471599,63,1.0438195593640418,1.0075537893208504,4.971763960189999
0.912902214204887,5.576524702078011,151,0.030319798909658944,0.16370450468276546,0.027679011558874568
2.4978782689817822,4.102762373031348,195,0.3916209985375811,0.6088284043455852,0.9782215819239701
1.9838910072792146,5.066741812734225,160,0.11965508809595109,0.39155162836462437,0.23738265324875957
2.2867085502498856,4.254420040485515,173,0.2564601734848196,0.5374900758480176,0.586449671506306
0.7104148367906455,3.1851829019149682,108,0.10887292533072632,0.22303737608397184,0.07734494147974807
3.0113170785142525,4.779088890720293,66,0.17269476551924232,0.6301027554355437,0.5200386967781087
4.465708531751465,2.0160725536792787,192,53.209311989656584,2.2150534828727597,237.61727852083493
1.9007526610913417,1.003603564211892,107,23.59035653529882,1.8939277707567346,44.83943296056275
1.0744872528577414,5.312620905928965,68,0.03972294346080922,0.20225182106605752,0.04268179639462828
2.7083677778719695,5.045639914254041,149,0.2274927237758217,0.5367738926871838,0.616133962774764
2.418657118208151,3.6436612421715555,172,0.8345731740435135,0.6637985689269718,2.018546348065914
2.109006485280255,3.149470302529266,94,0.4814779659819289,0.6696384733606032,1.015440152775434
2.266585166760783,1.7773730092719826,106,10.969417805950275,1.2752445068855767,24.863119686968506
4.303795645000548,4.829095134227561,160,0.9488612118810531,0.891221962991823,4.083704751403618
2.9908570575951465,2.3481256022038095,86,7.098974769402791,1.2737210713038978,21.232018790758218
3.7841852149269353,4.475947394845922,79,0.6946303140570446,0.8454489923819135,2.6286097642947217
4.413400214167711,2.5345260321314163,98,21.124958315166204,1.7413118501119718,93.23289555243849
1.4442249600027273,2.9489128532146562,198,0.28698129354112983,0.4897482672057789,0.4144655471859692
3.6214157428733853,5.701089533801238,184,0.2860794238309035,0.6352146763179815,1.0360125291733815
2.196187835592292,1.5011578557808734,65,15.521263834832718,1.4629959315303835,34.08761082707818
4.336746094680649,3.2398949661418732,127,19.719629793767293,1.3385452738441475,85.51902749666847
4.603824555246943,4.346365117212976,105,7.459253373146044,1.0592355752659497,34.34109384309835
3.163094345429013,2.1114714165099167,92,15.524476447433443,1.4980521738046257,49.105383666622615
3.0831253095092936,3.7047123263856965,129,1.415643483249027,0.8322171974192607,4.364606252446971
2.4458709784958983,5.22851370769314,172,0.18827443093230853,0.46779469563158804,0.46049496661016387
2.287702751285581,5.53805813702111,140,0.1360672362680546,0.41308752900093665,0.3112813907702537
2.1597977078144655,4.934020646324805,101,0.23076854619431467,0.4377358472188863,0.4984133771061574
3.6730567924021833,2.2467474345777636,112,24.84577570959954,1.6348329749367085,91.25994523264576
2.4624424571040318,2.3466838571410396,85,1.4860173777397183,1.049328587491977,3.6592322829406823
1.7825387738067475,1.5887929446152467,98,11.133572696874191,1.121945298063002,19.846025023174406
1.087314279180449,2.180089841443992,88,0.45088557840239524,0.4987474637560174,0.4902543276734602
0.6905150355911935,5.475038396281765,168,0.01412481676198562,0.12612058320177982,0.009753398349121587
3.817296569784666,4.205976277633786,53,0.5278293523058722,0.9075887065944688,2.014881175988868
3.7879190141828976,3.758874320586128,88,5.336215290081655,1.0077269658731876,20.213151361073805
3.6801974137008875,5.126785513531833,136,0.28895535620720647,0.7178372108579995,1.06341275458878
3.014316474707956,4.914632477754566,81,0.29929276297954377,0.6133350740572894,0.9021631062101022
1.9624992432059274,3.132333741649834,62,0.6332348022306495,0.6265294202565586,1.2427228201493048
2.611709248438857,2.4049443565658883,86,5.791276692115633,1.0859749171777995,15.12513089706679
4.529971417278972,1.2102732892126307,150,48.07527591359581,3.742932656330904,217.77962576638924
4.797510613111136,5.197631049393765,99,2.259886682675259,0.9230186920771728,10.841830344563073
0.694936064896047,3.695850359440338,136,0.01751672297226532,0.1880314399420871,0.01217300253222025
4.231621032277548,1.980092767542538,148,41.314420121050674,2.13708221232955,174.82696912058876
0.5090837817510523,3.1761394774525176,71,0.06981351585628527,0.1602838242353804,0.03554092866945476
4.089609638715022,1.142257327132354,160,61.6815917317829,3.58028750752864,252.25363207758414
4.430902441896502,1.0020787283488817,95,34.16968454938732,4.421710906085463,151.40253870871345
2.948019319868063,2.214272121960618,178,20.840861553273562,1.3313717363960451,61.43926250174599
1.0517729380296148,1.4940084621428724,166,1.8198215033052116,0.7039939630067727,1.9140390092207928
2.1635188772009926,1.8368740343816734,155,18.06798327036195,1.1778264795001439,39.090422878379805
3.843893685187509,4.503095999757125,103,1.0811226905085827,0.8536113121716326,4.15572068295887
1.7703080381518719,2.509192878973889,140,0.8251766881095435,0.705528878623242,1.460816923855865
1.190314345534961,1.3612796844031445,193,1.4208070531271781,0.8744083667544458,1.6912070175745335
2.368823230409004,3.1389491229798003,142,0.697060255715412,0.7546548661993869,1.6512125267335087
2.9050913949808344,4.220723897407912,67,0.34557827762563004,0.6882922137515198,1.0039364806225157
3.8423302740370873,3.771441366805428,81,2.439570874198474,1.0187962373896602,9.373637025591918
4.959844601262542,1.1594757510278622,77,30.13265404891344,4.277661345539737,149.4532815062152
0.6087469542628505,5.483182376125442,139,0.029753296865284325,0.11102073805048353,0.01811222884602025
1.73655559278363,5.780340447748675,174,0.10770491358556085,0.3004244487813833,0.18703557005728327
2.843762626502799,1.5845581578668368,101,23.10775234793736,1.794672295481491,65.71296250954657
1.9026102221652095,4.554100473994857,96,0.11342035881997858,0.4177795885333728,0.21579473409253722
1.850223886769301,5.438814186179167,93,0.04600464942080994,0.3401888395950342,0.08511890126083003
4.197710259496674,3.4379366846437738,146,16.839321773573854,1.2209969654899635,70.6865937718967
0.6829478239821446,4.202763177945235,123,0.022076459670673232,0.16249971627381665,0.015077070093315856
2.0496874904051334,5.989806168816885,100,0.045827177878211084,0.34219596304733024,0.09393139321754013
3.7772796976245795,1.7591946127877152,72,20.18059715923625,2.1471642023953774,76.22775993552335
3.546425577992063,3.2776640417975056,184,5.012896398823544,1.0819978901947394,17.77786400861212
1.9716460220869623,4.52774541712773,84,0.17086224649532056,0.43545867544331085,0.33687986862734076
3.3258802600735233,1.0319432091776646,107,32.26284325657443,3.2229295473767907,107.30235352088708
1.3641899947048501,2.196654418406367,61,1.247048354168451,0.6210307744695432,1.7012108876697511
4.901287240150057,2.4240524973656923,123,29.535594219207997,2.0219393950735256,144.76243107685394
4.866590963273192,3.0909213750810247,173,28.35670096460381,1.5744790542094007,138.00046466258112
4.3552352002469945,3.5872258486548567,121,6.782277174112926,1.2140956226327726,29.53841228652833
2.6900713362381663,5.937313598008704,83,0.16267754223349518,0.4530788700701914,0.4376141934119991
4.913119271850771,4.660325429771126,86,1.1914461567528343,1.0542438174949642,5.853717074114885
4.294168141615945,3.0487616450269814,165,32.07156256619366,1.4084958555616904,137.72068222359135
4.100517807355591,1.643199005493621,146,39.04349551443172,2.495448082457782,160.0985486183354
3.1383562343792883,3.3863906034337705,140,1.0523640095355487,0.9267555346973331,3.302693150162274
4.223180514364621,5.165595396354132,122,0.38983791104429943,0.8175592918766604,1.646355869682894
3.3495298322076255,4.51436851168318,55,0.28991800840061394,0.7419708478692083,0.9710890180320774
0.5604171181121673,4.564351948243113,185,0.023743881259596363,0.12278131144726476,0.01330647750830049
3.0642186763379313,2.5618605832632095,107,5.377819849585076,1.1960911129811893,16.478816021079435
4.763575728236518,3.9800292002717876,108,8.398217560767772,1.1968695425428595,40.005545332923056
1.262207922900349,2.071383845500546,71,0.4464161091663979,0.6093549129689861,0.5634699499001746
4.11696190531262,5.89215573885617,165,0.3837691991601281,0.698719125525327,1.5799631733745794
2.2585511670679175,1.0526722207260604,150,42.824244546721374,2.1455407700510283,96.72074749979946
2.0875726114710194,5.526399751153097,199,0.10192822874385382,0.3777454953444948,0.21278257866142233
1.1706688940985357,4.2900221095753786,91,0.12507537860755663,0.2728817857338286,0.14642185515346398
3.770175008832019,3.1840573638271117,88,7.741023418435006,1.184078858522956,29.185013034967067
1.7536316204980475,4.760581561299222,54,0.10257305224606258,0.368364998670343,0.17987534782969364
4.2482280829002885,5.534889272430357,56,0.6135615243432673,0.7675362367339467,2.606549298302177
3.153510916792428,5.911844998965508,151,0.17408934877905866,0.5334224624198113,0.548992661872046
2.823564161942211,2.354538535483262,97,12.010876188061765,1.1992006583840782,33.913479558136274
2.749015237405796,5.313338044142723,115,0.25698490146720404,0.517380075306188,0.706455409916571
3.737337566767739,1.0365811164896872,169,57.214925499568544,3.605446315117126,213.83149044935496
1.5201372597712541,3.640969057857465,100,0.1584313706637804,0.4175089751149332,0.24083742966264302
0.993548034425952,4.672463179057263,187,0.05652730930574629,0.2126390292125137,0.056162597052112045
4.2620701091549495,5.067582757231122,183,1.4539415014680768,0.841045980566029,6.196800613866957
4.609969926987634,5.16818936603885,75,0.4421816685652728,0.8919893603900465,2.0384441943511207
1.4000054097586134,1.939436522224994,66,1.025998354303946,0.7218619396485711,1.436403246428959
4.9902492460884895,3.7039500243075536,154,13.180873673554139,1.3472776936350288,65.77584491224115
3.610802533747304,5.279553033492338,101,0.3352063696698348,0.6839220121175329,1.210364008932075
4.90888950952438,4.073417528145505,164,17.984332498162324,1.205103448297685,88.28310113602743
2.7914318119823536,5.409012324543476,110,0.25672575105012924,0.5160705216581203,0.7166324284363929
3.0503765662288087,4.434240996789295,82,0.3222923335868348,0.6879140237162342,0.9831129818484788
1.7736569921616838,2.1309413874877143,166,1.248809380934748,0.8323349495092153,2.21495949037202
1.4828204996554193,4.821417920791154,70,0.044872267055539136,0.3075486348655088,0.06653751745596595
2.3783763243571583,2.7299819171977053,118,2.0221078978762694,0.8712058894509214,4.809333549604542
2.6361058631697727,3.875858743006863,56,0.30482946692934093,0.680134658654949,0.803562745039352
2.291430007633897,3.3665919125172175,72,0.32160384840643996,0.6806378875664154,0.7369327088090595
3.1274199821227717,3.2335931852135005,133,2.343309871972998,0.9671655656697214,7.328514117913907
4.433420295367639,2.120211908955759,145,39.78443822969128,2.091026975483396,176.3811358873135
2.441947565235797,5.697772746262064,165,0.11081828727345215,0.42857931932048343,0.2706124467910076
3.783741339127023,4.40155970518478,50,0.6831707317920708,0.8596364908261944,2.584941339563318
3.5854253046656717,4.578340366236288,140,0.7823014902237726,0.7831277314170372,2.8048835589259786
3.142834095364678,5.8188162375601316,99,0.22097918700284794,0.5401157154745428,0.6945009232785176
0.5746975899873707,2.3631296081609,90,0.07326353571533288,0.24319342790285114,0.04210437740955547
2.5409272006658954,4.271700554985349,158,0.22726049266527856,0.594828024099318,0.5774523674499386
4.613754054557674,2.927041600031137,104,17.34470052880273,1.5762516168231413,80.02418238985223
1.7436039569444506,3.7873780292110246,92,0.19531779821820036,0.46037230598490664,0.34055688583493193
2.7411975445056056,5.622861310849159,164,0.11677962868934208,0.4875093645323492,0.32011603141150086
4.711523017705036,4.4590464930239735,151,9.146324581156096,1.056621191341255,43.09311879151832
4.759591073133108,5.20723245177188,104,0.6385340453932185,0.9140346848763298,3.0391609423451333
1.390201984462602,4.910393204239186,172,0.0814223453713325,0.28311418793558696,0.11319350611482579
1.9271088123737534,2.9611868756484374,195,0.45871922272078497,0.6507893264763162,0.8840018565104633
1.1612633157883179,5.634036898433338,131,0.022965822099114727,0.20611567455499472,0.026669366720622596
0.5531703692401371,4.226339968262375,165,0.06499021696883012,0.13088638713263964,0.03595066231764438
0.7466818136630535,5.816535853348543,84,0.02488836992181101,0.12837225326019328,0.018583693192334834
1.4826067636947662,5.267900500741167,181,0.08904017485199736,0.2814416793722985,0.1320115654761359
3.8521956883811646,5.098977543002336,62,0.7203137681755183,0.7554839486727662,2.774789592047321
2.0020141117012744,2.3320902231230414,123,1.019128303907709,0.8584634041389092,2.0403092460574186
3.5241685495308976,4.396830881782558,80,0.9374312552487422,0.801524699103763,3.3036657470948882
3.680318887305288,3.441952085250632,115,3.4385455386732313,1.0692533760350993,12.654944090838429
3.4297563350773146,3.3735574406037823,143,4.639963684574415,1.016658644609731,15.913944841697777
3.753544918138747,3.7194829808928307,119,4.324302457807415,1.0091577075149676,16.231463514997916
2.187176046233296,5.3301220724639595,75,0.1095263992865448,0.41034258061977713,0.23955351694971433
1.4294026276380696,4.209297356205209,186,0.1255242112685228,0.3395822406157386,0.1794246374194227
4.251470535593037,4.725792970909098,152,1.595167693399572,0.8996311437602362,6.781808447818188
2.323745938411223,2.6479096037493637,115,0.6172956035075171,0.8775775181754187,1.4344381514496976
1.9679678209908171,1.878803689075875,120,3.5252158668579274,1.0474579289115613,6.93751138802265
3.0815962362515235,2.8739711064076614,164,7.3723424367107455,1.0722432906096209,22.71858270532522
3.7722510725091407,2.7964636321651817,93,19.118068887509775,1.3489362168420007,72.11815586521239
2.7448925275097515,4.605875326063805,95,0.29683238990331084,0.59595458695482,0.814773008968459
0.6706717786664707,3.9533069183160436,149,0.06550976052530226,0.16964829509168264,0.043935547611519014
2.361626664527628,3.9808001277311136,137,0.4609333421739901,0.5932542676724778,1.088552471447932
1.433560339758571,2.691114428216492,72,0.07623192414491485,0.5327013688929787,0.10928306307763375
4.832283998271206,5.848888627359348,130,0.3594243674641172,0.8261884105071226,1.7368406194856034
1.4997479211991438,4.2555372117140156,129,0.0909771126410575,0.35242270166757295,0.13644273556012632
3.6805379188401997,5.653604456701685,159,0.3254228878097996,0.6510073258622389,1.1977312782424476
4.642875669996779,4.945166455041642,165,2.5498936395338028,0.9388714641270215,11.83883914007103
3.3269210358032306,2.5361411077454674,157,14.683982557274218,1.3118043888183872,48.852450459163315
3.700086419477566,5.635151105641823,74,0.23897252120135354,0.6566081991613497,0.8842189803254429
4.420300783419189,1.9918429941120381,96,29.77314556225178,2.219201411198454,131.6062586536751
3.6748298899719214,3.113014052417122,55,1.8055040968317078,1.1804732738416563,6.634920421503918
0.653250120061384,2.772212334465374,187,0.08501447350656036,0.23564216634486781,0.05553571502511591
4.569275546523254,2.035831295909083,154,41.63857611621874,2.2444274020666746,190.25812763988552
1.9821549622652213,5.509612856949153,138,0.14879354907445988,0.35976302033003515,0.2949318716509944
3.497291399249331,1.250194361528231,146,49.517933811537965,2.797398154135218,173.17864402768936
1.3429970357055208,3.1655851583106567,79,0.2587778772144877,0.42424922045762414,0.3475379220052242
2.3774023947081586,4.698498126180742,152,0.23338881845323528,0.5059919852816186,0.5548591358888293
2.267254330571108,3.6359015426963817,162,0.4792218408458316,0.6235741820692191,1.08651779396197
1.5149066919637597,5.667107652781742,162,0.10980556815915025,0.2673156722583444,0.16634519001917947
4.491719833485848,5.196390501656844,92,0.47374486609333094,0.864392279997757,2.127929211043512
4.363503420608709,1.00393714645056,168,65.71375539333837,4.346391042542816,286.742196439876
4.751084736181341,3.8836993025736906,168,15.82955628357497,1.2233400080775674,75.20756323941647
1.7390496662499217,4.751880655961084,120,0.11518711887055834,0.3659708212722764,0.20031612062813453
4.913323239884043,1.7553656239754414,152,47.093076994506454,2.799031251823571,231.38350963475716
4.268064980643064,5.292015552769671,124,0.6065529372101784,0.8065102866920518,2.5888073502129543
2.937843185388494,3.833295076635303,163,1.1342505294519054,0.7664015231426439,3.3322501884735716
4.179063520836266,3.095446392178275,176,15.50604160950286,1.3500681295583499,64.80073284284266
4.4790590517696645,5.931402134688877,194,0.39827813472906487,0.7551433792651806,1.783911284480156
0.9114663447247588,4.3446041969653555,82,0.1339948861621131,0.20979272297379936,0.1221318291019914
2.0896194156908963,1.2466756423755012,200,41.428177132821716,1.6761532387920826,86.56912329342586
4.471324758764282,4.9464786779632695,102,1.3499825358388582,0.903940974957435,6.036210336395676
3.469562977885136,4.93666350663951,80,0.3664190360032658,0.7028153677516781,1.2713139217092917
2.462011019983012,4.789314166459317,65,0.16524797170224811,0.5140633782651072,0.4068423273607758
1.6804631185139762,1.604693080104795,64,1.0495204202142403,1.0472177760025194,1.763680358297321
3.011062756822268,4.59335033353323,130,0.25074070059990716,0.6555264759233249,0.7549959851959034
4.375516577003277,4.959514665452708,160,1.9507869829760895,0.882246927805763,8.53570078221409
3.598608229996819,4.755744212072691,167,0.6819583251255528,0.7566866655405005,2.4541008413116607
1.6942809844720566,1.2368855091118367,79,13.630393173262984,1.3697961306771709,23.093715964337207
0.7966771401513882,4.015007520140216,146,0.05367277574423116,0.1984248189212771,0.04275987348390088
4.708736675862344,5.718345385049622,186,0.40861434420802784,0.8234439088224964,1.9240573488557806
1.5064895528377757,1.3159641457360296,89,2.4307685387161784,1.1447800897304719,3.661927408942669
3.3503897349002365,5.601612270085247,89,0.16754527914722595,0.5981116816657589,0.5613419833858605
0.6870929867770919,1.3393939331767803,153,0.7028190348293087,0.5129879789342048,0.4829020298046627
2.704796141634871,3.467117371831051,79,1.3099777786626134,0.7801282309073997,3.543222841354056
4.698414823036329,2.491095691533892,132,31.451376356725063,1.8860836374146996,147.77161287933137
0.5782797751100921,5.625377636925418,81,0.019780195798292696,0.10279839193625305,0.011438487177870289
3.6445374410392564,5.170645756763777,85,0.48276698559238096,0.704851504528578,1.7594623542890917
4.687376661995812,5.7198377864021355,155,1.0401655691559097,0.8194946844715055,4.875647813473003
1.4214266555687618,3.5552121602593676,132,0.11210312818398138,0.3998148609688213,0.15934637457335285
4.500729737198375,3.912554690054548,113,10.56152385802917,1.150330179061504,47.534564497961995
3.419169383171288,3.2032458371641814,192,15.27048419792403,1.0674077348363193,52.21237203574281
0.8470115692361126,2.3025408442077295,130,0.16562967731270095,0.36785951978522097,0.1402902528927018
4.24507379728311,2.636135283700887,111,25.6747612296502,1.6103398879147903,108.99125614748836
1.2839107121199396,5.6026353630550005,118,0.052885930631701106,0.22916192629388785,0.06790081285847309
0.9659360765833753,2.6576203466994066,93,0.13008846146180492,0.3634590161770118,0.12565713807318346
3.9423452584540333,3.0687243441876157,171,19.532802560897668,1.284685366387215,77.00505156027371
0.6044144227675378,3.108371686818969,76,0.07427285153878715,0.19444728097690295,0.04489158269011507
1.1521359494804175,3.4961514197935983,58,0.058361386699153035,0.3295440646413524,0.06724025167762249
2.793876369924369,2.3428339280578023,53,6.872413147252925,1.19252002306475,19.20067269646751
1.1730057758818124,3.2204824533665537,69,0.11613199561386436,0.36423293493048,0.1362235016197442
3.697704788467287,3.3071407322730577,111,13.115013770831357,1.1180971987018489,48.49544922121752
4.804094792542789,4.410594938828051,80,2.7624540174500414,1.0892169558012723,13.27109095987065
0.8113809312032365,4.159140300077517,181,0.039385642246521683,0.19508380883138618,0.031956759082020295
4.66217816846008,1.2983265500438825,69,23.537978609362955,3.590913370987061,109.73825000225231
0.6363261044207517,4.814710654727586,187,0.05027884041308012,0.13216289618482893,0.03199373865484793
2.7810707195741204,5.738770569182754,117,0.20055959087149042,0.4846108911390348,0.557770405702467
4.9034121160586395,2.4648213060204145,69,17.412019140475884,1.989358053698205,85.37830561845439
1.031364449038917,3.1513144365165937,82,0.17282374482736676,0.32728071724222124,0.17824426636471952
4.489915422804579,3.7951290404715645,190,18.00059073699668,1.1830731906408862,80.82112996963464
2.5080344075361305,4.621236021655125,157,0.14963335867200658,0.5427193927735944,0.3752856120645873
4.023552714063788,2.0539904121333263,165,36.264349698986294,1.9588955675235233,145.91152265511462
